{"type":"FeatureCollection","schema":"weather-grid.geojson/v1","id":"east-asia-land","metadata":{"source":"Natural Earth 1:10m Land","sourceVersion":"5.1.1","sourceArchiveSha256":"e547d749445eaa0964aba76738090ec88f5e63c4585122170f98c67a7ea922dc","license":"Public domain","generatedAt":"2026-07-22","processing":"bbox [112,25,145,50], turf simplify tolerance 0.015, coordinate precision 0.0001°"},"bbox":[112,25,145,50],"features":[{"type":"Feature","properties":{},"geometry":{"type":"MultiPolygon","coordinates":[[[[112,25],[112,50],[140.5442,50],[140.4823,49.9753],[140.4461,49.8909],[140.4152,49.8746],[140.4585,49.8056],[140.535,49.7774],[140.5075,49.6916],[140.5608,49.5754],[140.4543,49.4208],[140.4356,49.2944],[140.3359,49.2875],[140.3902,49.2751],[140.3457,49.2292],[140.3502,49.1982],[140.3768,49.2056],[140.3565,49.0958],[140.2949,49.0883],[140.3436,49.0471],[140.2192,49.0139],[140.2645,49.0123],[140.2484,48.9763],[140.2813,48.9654],[140.3591,49.0213],[140.398,48.9927],[140.3523,48.9102],[140.2539,48.848],[140.213,48.7674],[140.1935,48.5811],[140.172,48.5682],[140.1926,48.5303],[140.177,48.4618],[140.0721,48.3986],[140.0349,48.3279],[139.9513,48.3049],[139.7673,48.1877],[139.6519,48.0688],[139.3905,47.9042],[139.2617,47.7879],[139.2057,47.6638],[139.0652,47.4963],[139.0374,47.4011],[138.9695,47.3175],[138.8907,47.3052],[138.5628,47.0299],[138.5133,46.9408],[138.5016,46.8662],[138.4098,46.781],[138.3491,46.6643],[138.3446,46.5487],[138.2024,46.4543],[138.1004,46.228],[138.034,46.156],[137.9444,46.1078],[137.9382,46.0736],[137.7821,45.946],[137.6715,45.7946],[137.3967,45.6239],[137.1445,45.3747],[136.8108,45.1932],[136.78,45.1079],[136.5582,44.9483],[136.5535,44.895],[136.4503,44.8266],[136.4436,44.7851],[136.3546,44.7888],[136.307,44.7441],[136.3289,44.7073],[136.2745,44.6929],[136.2354,44.6517],[136.2281,44.5697],[136.1653,44.4965],[136.0464,44.4499],[135.9985,44.4561],[135.8379,44.3627],[135.8194,44.2906],[135.721,44.2366],[135.6559,44.1687],[135.6597,44.1164],[135.624,44.0385],[135.5413,44.004],[135.512,43.9217],[135.4636,43.9497],[135.4636,43.8944],[135.5188,43.8808],[135.4258,43.7632],[135.2754,43.689],[135.2356,43.7341],[135.1822,43.7106],[135.2307,43.6821],[135.2239,43.6446],[135.138,43.5395],[135.1399,43.5084],[134.9747,43.4595],[134.7703,43.3153],[134.7029,43.3042],[134.4304,43.1579],[134.1937,43.0798],[134.1085,42.9957],[133.9268,42.8827],[133.8396,42.8976],[133.73,42.8454],[133.7173,42.8166],[133.6716,42.8529],[133.5934,42.8529],[133.5723,42.8262],[133.5244,42.8262],[133.4202,42.7714],[133.2374,42.744],[133.1577,42.6884],[133.0244,42.6994],[132.9963,42.7226],[133.0789,42.7498],[132.9898,42.827],[132.9005,42.8156],[132.865,42.7481],[132.8159,42.7564],[132.7911,42.8205],[132.7573,42.8324],[132.7634,42.9081],[132.6817,42.8734],[132.6953,42.8597],[132.5779,42.8404],[132.5105,42.8714],[132.5027,42.9243],[132.4044,42.9423],[132.3458,42.9007],[132.3601,42.8597],[132.3115,42.8454],[132.2877,42.8904],[132.2911,43.0856],[132.3396,43.134],[132.3291,43.175],[132.3817,43.1912],[132.3077,43.2382],[132.3458,43.2672],[132.3458,43.2979],[132.2896,43.3126],[132.2267,43.2298],[132.096,43.181],[132.0296,43.1165],[131.9299,43.0696],[131.8865,43.0856],[131.9207,43.1204],[131.8591,43.0856],[131.8499,43.1005],[131.9117,43.1976],[131.9968,43.2387],[132.052,43.3148],[132.031,43.3251],[131.9684,43.2706],[131.9781,43.2921],[131.9568,43.3059],[131.846,43.3054],[131.8157,43.3367],[131.7227,43.2098],[131.7639,43.1859],[131.7307,43.1741],[131.6947,43.2023],[131.647,43.1689],[131.6947,43.175],[131.563,43.0383],[131.565,42.9963],[131.4995,43],[131.4961,42.9423],[131.3939,42.945],[131.4004,42.8734],[131.4717,42.8732],[131.3789,42.8311],[131.352,42.7743],[131.3001,42.7933],[131.2731,42.7773],[131.2364,42.7066],[131.2623,42.6811],[131.2012,42.614],[131.2341,42.5889],[131.2128,42.5839],[131.2195,42.5547],[131.167,42.5756],[131.1806,42.6052],[131.1269,42.6173],[131.1203,42.6672],[131.087,42.6404],[130.9949,42.6407],[130.8897,42.5996],[130.8155,42.6342],[130.9321,42.6184],[130.9497,42.6531],[130.787,42.6538],[130.832,42.6741],[130.8255,42.6993],[130.6935,42.6855],[130.6567,42.6641],[130.6608,42.6432],[130.7329,42.6155],[130.7295,42.5792],[130.7742,42.5968],[130.8729,42.5277],[130.843,42.5198],[130.8387,42.4724],[130.7866,42.4619],[130.7036,42.2952],[130.5975,42.2628],[130.595,42.2982],[130.5102,42.3358],[130.4401,42.3091],[130.4074,42.3246],[130.3842,42.2912],[130.4009,42.2425],[130.368,42.2557],[130.3698,42.232],[130.307,42.1832],[130.3156,42.2189],[130.2942,42.237],[130.2023,42.1736],[130.1993,42.1013],[130.1594,42.0728],[130.073,42.0785],[130.0339,41.9955],[130.015,42.0144],[129.9822,41.9827],[130.0027,41.9622],[129.9647,41.8987],[129.8967,41.9043],[129.8525,41.7649],[129.8133,41.7777],[129.7748,41.7594],[129.7414,41.684],[129.6908,41.6497],[129.6488,41.5494],[129.6594,41.4646],[129.8062,41.376],[129.7591,41.2929],[129.7119,41.1226],[129.7283,40.9787],[129.7649,40.9444],[129.7166,40.8346],[129.5718,40.8397],[129.5181,40.7955],[129.3517,40.7453],[129.3032,40.6737],[129.2701,40.708],[129.2335,40.7057],[129.1726,40.5689],[129.0776,40.4726],[128.9758,40.4599],[128.8605,40.3718],[128.6365,40.3132],[128.6164,40.2714],[128.6567,40.2571],[128.6646,40.2012],[128.5886,40.1867],[128.4349,40.104],[128.3648,40.0969],[128.3278,40.0282],[128.2634,40.0771],[128.2278,40.0562],[128.2344,40.0294],[128.1551,40.0163],[128.0068,40.0452],[127.94,39.9748],[127.9067,39.9839],[127.8746,39.8928],[127.7818,39.8854],[127.794,39.8657],[127.6957,39.8482],[127.6633,39.8068],[127.6237,39.8309],[127.5144,39.7386],[127.5122,39.6495],[127.5527,39.6368],[127.5746,39.595],[127.5204,39.5105],[127.5621,39.3162],[127.5218,39.3162],[127.5422,39.3715],[127.4951,39.4334],[127.3784,39.3789],[127.4734,39.3476],[127.3919,39.3419],[127.372,39.2404],[127.3934,39.2017],[127.4522,39.166],[127.4913,39.1949],[127.5317,39.1461],[127.6069,39.152],[127.6756,39.1182],[127.7593,39.117],[127.8887,38.9614],[127.9143,38.9642],[128.0147,38.8581],[128.0912,38.8437],[128.2102,38.7277],[128.2828,38.7551],[128.3477,38.6967],[128.3646,38.6247],[128.6316,38.145],[128.9238,37.8023],[129.0642,37.6789],[129.0733,37.613],[129.1087,37.5974],[129.1482,37.5051],[129.3311,37.2822],[129.3789,37.1301],[129.4302,37.0731],[129.4127,37.0181],[129.4739,36.7306],[129.4226,36.6166],[129.4409,36.4079],[129.3866,36.3227],[129.3823,36.2018],[129.4305,36.0974],[129.3809,36.0415],[129.4533,35.9933],[129.5548,36.0825],[129.5873,36.0169],[129.5356,35.939],[129.4977,35.7479],[129.4431,35.6361],[129.4673,35.5997],[129.4546,35.5133],[129.4129,35.4721],[129.3735,35.5328],[129.3919,35.4757],[129.3578,35.4518],[129.3604,35.3536],[129.2692,35.3168],[129.2285,35.2005],[129.1943,35.1555],[129.1203,35.1496],[129.1235,35.1008],[129.1011,35.0923],[129.0638,35.1208],[129.0219,35.06],[128.997,35.0757],[129.0004,35.046],[128.9651,35.0436],[128.958,35.1369],[128.9184,35.0819],[128.8979,35.1213],[128.8822,35.0815],[128.7916,35.083],[128.7811,35.1111],[128.762,35.0794],[128.7278,35.1047],[128.7005,35.0961],[128.6963,35.1435],[128.6799,35.116],[128.6179,35.1433],[128.6021,35.2139],[128.5779,35.1787],[128.6248,35.0682],[128.6521,35.0613],[128.6036,35.0566],[128.5803,35.0879],[128.5112,35.1042],[128.3892,35.049],[128.3714,35.0068],[128.4881,35.0512],[128.4996,35.0092],[128.42,34.9827],[128.4414,34.9599],[128.433,34.8907],[128.4745,34.8907],[128.4129,34.8376],[128.3834,34.8546],[128.4159,34.8627],[128.3265,34.8891],[128.3578,34.9099],[128.3351,34.9473],[128.3023,34.908],[128.2241,34.9379],[128.207,34.8907],[128.1394,34.8919],[128.1177,34.9242],[128.0557,34.9316],[128.0693,35.0825],[128.001,35.0341],[128.0068,34.9918],[127.9539,34.9788],[127.9258,35.0198],[127.8912,34.9467],[127.7444,34.9602],[127.7192,34.9901],[127.7092,34.9404],[127.6621,34.9068],[127.6411,34.8991],[127.5916,34.9464],[127.5753,34.9136],[127.6012,34.8564],[127.6565,34.8119],[127.7,34.8423],[127.7756,34.8491],[127.7415,34.7256],[127.6563,34.7313],[127.6243,34.6982],[127.6407,34.618],[127.5608,34.6622],[127.5845,34.7462],[127.5354,34.8081],[127.5213,34.8898],[127.4839,34.8395],[127.3653,34.824],[127.4255,34.8007],[127.3579,34.7597],[127.3953,34.7567],[127.406,34.7],[127.4662,34.6622],[127.4876,34.6369],[127.4522,34.6369],[127.4952,34.6232],[127.5036,34.5913],[127.3494,34.5858],[127.3579,34.5543],[127.4392,34.5407],[127.3278,34.4739],[127.3436,34.445],[127.3159,34.4449],[127.2235,34.5468],[127.1724,34.5276],[127.1792,34.5133],[127.1245,34.5407],[127.2134,34.6369],[127.1929,34.5748],[127.2467,34.5837],[127.261,34.63],[127.2406,34.671],[127.2748,34.7051],[127.3145,34.6519],[127.3579,34.6982],[127.3316,34.7412],[127.2908,34.7214],[127.2481,34.7665],[127.1997,34.6915],[127.1362,34.6881],[127.0103,34.6125],[126.9942,34.5407],[126.939,34.4959],[126.9408,34.4546],[126.896,34.4499],[126.898,34.4177],[126.8098,34.4512],[126.8067,34.5685],[126.7778,34.5865],[126.7552,34.5577],[126.766,34.5234],[126.7351,34.5149],[126.7615,34.4792],[126.7088,34.4499],[126.7269,34.433],[126.6902,34.4359],[126.6336,34.3957],[126.6033,34.3004],[126.5213,34.2942],[126.5274,34.3414],[126.4796,34.3488],[126.5176,34.4138],[126.4758,34.4333],[126.4837,34.4702],[126.4659,34.4724],[126.4902,34.5086],[126.5418,34.5133],[126.5138,34.5338],[126.5396,34.563],[126.3909,34.5338],[126.346,34.5846],[126.325,34.5696],[126.2953,34.5891],[126.3228,34.6089],[126.2711,34.6425],[126.2903,34.7502],[126.3196,34.7477],[126.3567,34.6982],[126.3442,34.6779],[126.3699,34.6089],[126.4646,34.5847],[126.4727,34.602],[126.435,34.6068],[126.4161,34.6527],[126.3861,34.6358],[126.3786,34.7112],[126.4479,34.7059],[126.4529,34.671],[126.5357,34.6232],[126.5191,34.6504],[126.6236,34.63],[126.5084,34.7185],[126.364,34.7492],[126.4601,34.7788],[126.5349,34.746],[126.5444,34.7957],[126.6382,34.788],[126.6653,34.8081],[126.5758,34.8218],[126.5894,34.8832],[126.5676,34.9014],[126.5418,34.8832],[126.5486,34.8491],[126.5133,34.7823],[126.4872,34.7871],[126.4872,34.8138],[126.3735,34.7907],[126.4251,34.8907],[126.3977,34.9515],[126.4364,34.9814],[126.3706,34.9685],[126.3633,34.9274],[126.3152,34.9379],[126.3289,34.9447],[126.3015,34.9726],[126.3492,34.9726],[126.3741,35.0168],[126.3206,35.0833],[126.3015,35.0887],[126.3094,35.0662],[126.2883,35.053],[126.2542,35.1234],[126.2891,35.1394],[126.3152,35.116],[126.343,35.157],[126.345,35.0964],[126.4114,35.0613],[126.4251,35.0198],[126.4524,35.1003],[126.3711,35.1735],[126.3635,35.2395],[126.3089,35.2333],[126.3773,35.2526],[126.3567,35.26],[126.4114,35.3699],[126.4585,35.3454],[126.4182,35.394],[126.4927,35.5253],[126.6429,35.5728],[126.6925,35.5344],[126.6702,35.5887],[126.5132,35.5769],[126.4637,35.602],[126.4676,35.6396],[126.5972,35.7139],[126.6622,35.793],[126.7331,35.7924],[126.782,35.7602],[126.791,35.7914],[126.7034,35.8485],[126.7971,35.8629],[126.8375,35.8933],[126.8098,35.9117],[126.7332,35.8856],[126.6123,35.8902],[126.6088,35.9311],[126.5257,35.9404],[126.5214,35.9705],[126.7445,35.9896],[126.8707,36.062],[126.6925,35.9999],[126.6311,36.0756],[126.645,36.0847],[126.5894,36.1308],[126.5292,36.1535],[126.4934,36.1308],[126.4974,36.16],[126.5314,36.1739],[126.6033,36.1718],[126.5349,36.2196],[126.5826,36.2947],[126.5138,36.3227],[126.5826,36.353],[126.5206,36.3736],[126.4988,36.4201],[126.6174,36.4735],[126.4977,36.4484],[126.4834,36.497],[126.5139,36.5288],[126.4703,36.5402],[126.4577,36.5956],[126.5123,36.6032],[126.5199,36.6262],[126.4838,36.6496],[126.508,36.6704],[126.4745,36.6879],[126.4773,36.7169],[126.5007,36.7199],[126.4796,36.7471],[126.438,36.7165],[126.4439,36.6381],[126.4242,36.6066],[126.3671,36.6291],[126.3779,36.7026],[126.343,36.7404],[126.3243,36.6997],[126.3015,36.6994],[126.343,36.61],[126.2953,36.5827],[126.2742,36.7199],[126.1777,36.6732],[126.157,36.7021],[126.2134,36.7267],[126.1582,36.7608],[126.1328,36.7038],[126.1282,36.7613],[126.1656,36.8161],[126.1854,36.7813],[126.2134,36.7813],[126.1922,36.8086],[126.24,36.8161],[126.1987,36.8232],[126.2134,36.857],[126.1922,36.8859],[126.2339,36.9042],[126.23,36.873],[126.2752,36.8747],[126.2857,36.9611],[126.3089,36.9669],[126.3235,36.8832],[126.2827,36.8037],[126.3567,36.7888],[126.3287,36.847],[126.3653,36.8354],[126.4046,36.857],[126.3773,36.8769],[126.4192,36.9223],[126.3539,36.9552],[126.3765,36.9749],[126.3357,36.9868],[126.353,37],[126.4454,37.0034],[126.4324,36.962],[126.4785,36.9359],[126.4659,36.8669],[126.4839,36.8415],[126.5191,36.9479],[126.5826,36.898],[126.4934,36.997],[126.5721,36.9775],[126.5123,37.0164],[126.5007,37.055],[126.6261,36.9961],[126.6311,36.9116],[126.6815,36.9947],[126.7962,36.9558],[126.782,36.8912],[126.8302,36.9102],[126.8491,36.788],[126.8298,36.7751],[126.8508,36.754],[126.8633,36.8291],[126.9048,36.8223],[126.8602,36.8696],[126.9895,36.9186],[126.9942,36.9669],[127.0394,36.982],[126.9822,36.9802],[126.9763,36.939],[126.9458,36.9259],[126.8734,36.948],[126.8244,37.0026],[126.911,37.0141],[126.8905,37.0959],[126.8491,37.0373],[126.7552,37.0488],[126.7512,37.0701],[126.7783,37.1328],[126.8635,37.1503],[126.8707,37.1755],[126.8298,37.1587],[126.8023,37.1854],[126.7029,37.1247],[126.686,37.1393],[126.7069,37.1649],[126.6685,37.1618],[126.6707,37.1856],[126.719,37.2129],[126.6802,37.2177],[126.6721,37.2617],[126.7676,37.2543],[126.782,37.2202],[126.8192,37.2744],[126.8707,37.2679],[126.6898,37.3325],[126.7172,37.3838],[126.6648,37.3892],[126.6403,37.3644],[126.6151,37.3797],[126.6386,37.4138],[126.596,37.4397],[126.6048,37.4857],[126.6442,37.5044],[126.6011,37.5068],[126.531,37.7547],[126.6485,37.765],[126.6668,37.7462],[126.6615,37.6724],[126.7552,37.6379],[126.6788,37.6863],[126.7,37.8297],[126.5762,37.7775],[126.3787,37.8896],[126.1582,37.8297],[126.1582,37.7335],[126.1104,37.7409],[126.0869,37.8004],[126.0628,37.8022],[126.0558,37.8706],[126.0128,37.8543],[125.9595,37.9122],[125.9441,37.9019],[125.9862,37.8228],[125.9216,37.8449],[125.8052,37.9516],[125.7993,37.9929],[125.5969,38.0322],[125.5782,38.009],[125.5965,37.9923],[125.6754,37.9776],[125.6783,37.9525],[125.7193,37.9525],[125.6988,37.9252],[125.7398,37.9252],[125.6851,37.8986],[125.6306,37.9252],[125.6412,37.8564],[125.6231,37.8371],[125.6441,37.8228],[125.6092,37.8063],[125.6201,37.7653],[125.5706,37.7871],[125.5289,37.7725],[125.5276,37.7961],[125.4746,37.7312],[125.3853,37.7164],[125.3475,37.6756],[125.3638,37.7609],[125.4449,37.7744],[125.3773,37.7819],[125.3899,37.7961],[125.4558,37.8228],[125.5242,37.8178],[125.5276,37.8433],[125.4791,37.8576],[125.5101,37.8943],[125.4244,37.9122],[125.4319,37.8986],[125.3836,37.8918],[125.4449,37.8433],[125.3494,37.8644],[125.3773,37.8433],[125.3084,37.8091],[125.2395,37.8228],[125.3084,37.8781],[125.26,37.9327],[125.1766,37.8676],[125.0132,37.906],[125.0135,37.9395],[124.9795,37.9252],[124.9922,37.9529],[125.062,37.9786],[125.1754,37.9699],[125.1775,37.9879],[125.1153,38.0024],[125.1067,38.0346],[125.2017,38.0494],[125.2463,38.0201],[125.2649,38.0779],[125.1406,38.0978],[125.0135,38.0624],[124.8853,38.1317],[124.8655,38.1071],[124.7938,38.0978],[124.6771,38.1154],[124.6736,38.1372],[124.7651,38.1561],[124.856,38.227],[124.9209,38.1894],[124.993,38.227],[124.915,38.2291],[124.8723,38.2576],[124.8797,38.3452],[124.9473,38.4505],[124.9722,38.4621],[124.9727,38.4404],[125.0164,38.498],[124.9839,38.5919],[125.0376,38.5913],[125.0582,38.5685],[125.1028,38.5935],[125.128,38.5803],[125.1234,38.6663],[125.1566,38.6317],[125.1796,38.6347],[125.1798,38.67],[125.301,38.6568],[125.3691,38.6948],[125.4419,38.6862],[125.4627,38.7073],[125.5071,38.6862],[125.5208,38.6527],[125.5452,38.6794],[125.6104,38.6311],[125.6578,38.631],[125.5276,38.7209],[125.4791,38.7277],[125.4478,38.7772],[125.4109,38.7551],[125.4342,38.7368],[125.4193,38.7293],[125.3411,38.7175],[125.301,38.7346],[125.3084,38.7073],[125.2777,38.7033],[125.2435,38.7283],[125.2669,38.7551],[125.241,38.7931],[125.2252,38.7961],[125.2166,38.7397],[125.1881,38.7386],[125.1372,38.8035],[125.1986,38.9861],[125.2708,39.0806],[125.3351,39.0834],[125.2841,39.0896],[125.2874,39.1523],[125.3435,39.1689],[125.3436,39.2129],[125.4109,39.2138],[125.3936,39.2458],[125.4449,39.3106],[125.4163,39.3203],[125.4046,39.3647],[125.4592,39.3851],[125.357,39.3987],[125.3836,39.4403],[125.3425,39.4335],[125.4137,39.5387],[125.4503,39.5579],[125.4449,39.5844],[125.286,39.5212],[125.2103,39.5731],[125.2252,39.5912],[125.1576,39.5912],[125.1712,39.5639],[125.117,39.5659],[125.0975,39.6027],[125.0477,39.6042],[124.9583,39.662],[124.9378,39.6458],[124.9016,39.6621],[124.8816,39.7042],[124.7706,39.7418],[124.7461,39.7829],[124.7439,39.6444],[124.695,39.6375],[124.6375,39.5905],[124.6108,39.6287],[124.647,39.6976],[124.5848,39.7236],[124.5641,39.8143],[124.4177,39.8245],[124.3966,39.8655],[124.3215,39.9127],[124.37,39.94],[124.4058,40.0278],[124.4996,40.0225],[124.4102,40.0362],[124.37,40.0983],[124.3613,40.0112],[124.2942,39.9338],[124.1182,39.8332],[124.0881,39.8519],[123.9857,39.8102],[123.9421,39.8406],[123.773,39.8183],[123.6431,39.8786],[123.6567,39.9195],[123.631,39.904],[123.5914,39.7843],[123.5632,39.7688],[123.5132,39.7978],[123.4277,39.7266],[123.4085,39.746],[123.4171,39.8245],[123.3867,39.7896],[123.3141,39.7761],[123.2447,39.814],[123.2654,39.7541],[123.21,39.755],[123.2064,39.7347],[123.2691,39.7076],[123.2232,39.6798],[123.1284,39.6649],[123.108,39.6901],[123.0091,39.6805],[122.9776,39.6662],[122.9963,39.6496],[122.9641,39.6116],[122.8486,39.6179],[122.6882,39.5186],[122.6484,39.5324],[122.5879,39.467],[122.5621,39.4868],[122.5554,39.456],[122.3963,39.411],[122.29,39.351],[122.2402,39.2856],[122.115,39.2008],[122.1045,39.1591],[122.1627,39.1461],[122.0479,39.0992],[122.0423,39.0597],[121.8884,39.0425],[121.9232,39.009],[121.8269,39.0363],[121.8953,38.981],[121.8599,38.9446],[121.7725,39.022],[121.7247,39.0302],[121.7388,39.0015],[121.6358,38.9953],[121.656,38.9906],[121.6526,38.9634],[121.5874,38.9401],[121.6936,38.9096],[121.6963,38.8629],[121.5527,38.8581],[121.485,38.8099],[121.2367,38.7985],[121.2175,38.7756],[121.2447,38.7756],[121.1985,38.7279],[121.1531,38.7276],[121.1145,38.7681],[121.1393,38.7895],[121.1113,38.8403],[121.1485,38.8991],[121.0862,38.9057],[121.1179,38.9434],[121.3343,38.9686],[121.3342,39.0266],[121.3748,39.0442],[121.4673,39.0151],[121.6741,39.088],[121.681,39.1364],[121.5926,39.1922],[121.6331,39.2362],[121.5899,39.2641],[121.6802,39.2752],[121.7798,39.3715],[121.8375,39.3647],[121.943,39.3994],[121.9312,39.4172],[121.8489,39.3874],[121.7078,39.3957],[121.7178,39.3715],[121.5259,39.3647],[121.492,39.389],[121.436,39.5086],[121.354,39.5222],[121.3062,39.5018],[121.2234,39.5286],[121.3062,39.598],[121.4498,39.6151],[121.4639,39.6458],[121.4982,39.6529],[121.5333,39.6223],[121.5259,39.6527],[121.5501,39.6787],[121.4573,39.7485],[121.4846,39.764],[121.4707,39.8102],[121.5359,39.8618],[121.6161,39.8717],[121.6849,39.9225],[121.7744,39.9208],[121.8097,39.965],[121.8738,39.9914],[121.8748,40.0163],[121.8269,40.0225],[121.9957,40.1239],[121.9915,40.187],[122.0916,40.2272],[122.1061,40.3101],[122.211,40.3806],[122.2036,40.4272],[122.2501,40.4306],[122.3018,40.5023],[122.2249,40.5785],[122.1504,40.6039],[122.1594,40.7016],[122.1218,40.6801],[122.0491,40.7461],[121.8511,40.8323],[121.8259,40.9482],[121.8679,40.9958],[121.7777,40.935],[121.7396,40.8491],[121.575,40.8415],[121.3613,40.9396],[121.2993,40.8996],[121.1758,40.9223],[121.0799,40.863],[121.0499,40.7974],[121.0296,40.8265],[120.9819,40.8268],[120.9395,40.7405],[121.0207,40.7193],[120.8253,40.674],[120.7984,40.5997],[120.6788,40.5219],[120.6591,40.4838],[120.6041,40.4652],[120.5974,40.4224],[120.5457,40.4024],[120.5475,40.3762],[120.5884,40.3843],[120.5912,40.3673],[120.5018,40.3269],[120.5049,40.2491],[120.472,40.2143],[119.9503,40.0565],[119.9153,40.0362],[119.912,39.9981],[119.7744,39.9505],[119.5356,39.8908],[119.5307,39.8147],[119.4294,39.7953],[119.3499,39.7318],[119.2849,39.5954],[119.2086,39.5696],[119.209,39.5502],[119.243,39.5707],[119.2293,39.536],[119.2814,39.575],[119.2564,39.4931],[119.3051,39.433],[119.2794,39.384],[119.1848,39.3548],[118.926,39.1306],[118.8943,39.1244],[118.97,39.1933],[118.8806,39.1728],[118.8738,39.2138],[118.796,39.1518],[118.5271,39.1492],[118.5291,39.1247],[118.3261,39.0309],[118.2353,39.0531],[118.1405,39.1728],[118.028,39.2198],[117.8856,39.2011],[117.7573,39.1144],[117.7154,39.1114],[117.7753,38.9811],[117.7019,38.9953],[117.584,38.8116],[117.5435,38.6213],[117.7161,38.3785],[117.8372,38.2709],[118.0537,38.1733],[118.0652,38.1431],[118.2158,38.145],[118.4489,38.1078],[118.543,38.0683],[118.6549,38.1457],[118.7604,38.1551],[118.8401,38.1526],[118.95,38.0973],[118.9248,38.0578],[118.9966,37.9631],[119.0925,37.9128],[119.1169,37.8533],[119.2431,37.7695],[119.2596,37.7158],[119.2557,37.6719],[119.2177,37.6752],[119.1201,37.7375],[119.0695,37.7406],[119.0371,37.7221],[118.97,37.5935],[118.9446,37.3781],[118.9612,37.2956],[119.1455,37.1789],[119.4412,37.1206],[119.7706,37.1518],[119.8973,37.2494],[119.8463,37.3437],[119.8589,37.3602],[120.1876,37.5118],[120.3225,37.6324],[120.3064,37.6652],[120.2157,37.6841],[120.3685,37.6947],[120.4634,37.7477],[120.738,37.834],[120.9258,37.8193],[120.9409,37.774],[121.0326,37.7104],[121.138,37.7012],[121.1344,37.6105],[121.1716,37.5771],[121.3081,37.5812],[121.3745,37.6105],[121.354,37.6379],[121.3936,37.6225],[121.4298,37.5969],[121.3984,37.5949],[121.3817,37.5661],[121.4769,37.468],[121.5703,37.4287],[121.6761,37.4392],[121.6343,37.4624],[121.5874,37.4536],[121.635,37.4813],[121.9378,37.4643],[121.9573,37.4597],[121.9498,37.4256],[121.988,37.4256],[121.9778,37.4717],[122.0256,37.528],[122.0718,37.5445],[122.0671,37.5627],[122.1218,37.5627],[122.1519,37.5329],[122.1299,37.4835],[122.1832,37.4182],[122.2454,37.4597],[122.2965,37.4182],[122.6882,37.4098],[122.679,37.3747],[122.6561,37.3846],[122.5708,37.3448],[122.5947,37.2952],[122.5497,37.3198],[122.5601,37.2747],[122.6289,37.1928],[122.5743,37.1854],[122.5743,37.1444],[122.51,37.1552],[122.4707,37.1103],[122.4539,37.1543],[122.4364,37.0898],[122.457,37.0659],[122.4024,37.0215],[122.4243,37.0036],[122.4364,37.0277],[122.54,37.0277],[122.5327,36.9259],[122.5074,36.898],[122.4985,36.9389],[122.4058,36.9222],[122.4364,36.8707],[122.3198,36.8229],[122.1853,36.8499],[122.1969,36.898],[122.2659,36.898],[122.1627,36.9458],[122.1661,37.0141],[122.1429,36.9458],[122.0943,36.9509],[122.0809,36.9166],[122.0331,36.898],[122.0492,36.9799],[121.9263,36.9936],[121.9498,36.9389],[121.786,36.8912],[121.728,36.8359],[121.6494,36.8161],[121.6842,36.8428],[121.6375,36.8314],[121.6253,36.7404],[121.5942,36.7676],[121.5259,36.754],[121.4964,36.7745],[121.6072,36.845],[121.5116,36.8086],[121.4595,36.8287],[121.4534,36.7574],[121.3778,36.7315],[121.4017,36.7124],[121.1577,36.6686],[121.0802,36.61],[121.0325,36.6243],[121.0235,36.5839],[120.9288,36.5963],[120.9334,36.6203],[120.8506,36.6509],[120.7506,36.6168],[120.7503,36.5408],[120.8504,36.6046],[120.9275,36.5329],[120.9636,36.5479],[120.9363,36.497],[120.95,36.4592],[120.9063,36.4524],[120.8674,36.3772],[120.832,36.4553],[120.8069,36.4639],[120.7506,36.4592],[120.7141,36.4287],[120.6865,36.3872],[120.7222,36.3306],[120.6436,36.3225],[120.7048,36.1562],[120.6278,36.1165],[120.5516,36.1137],[120.5362,36.0915],[120.3535,36.0408],[120.292,36.062],[120.3616,36.1916],[120.3064,36.2742],[120.2735,36.2343],[120.2988,36.1916],[120.2845,36.176],[120.2163,36.1991],[120.2191,36.2219],[120.1173,36.2097],[120.0972,36.2264],[120.0897,36.1117],[120.1685,36.062],[120.1753,35.9936],[120.23,35.9999],[120.2428,35.9736],[120.2849,36.0109],[120.2988,35.9731],[120.1753,35.89],[120.189,35.9453],[120.0972,35.9008],[120.0388,35.8428],[120.0029,35.7278],[119.9378,35.7611],[119.9082,35.7449],[119.9356,35.705],[119.9016,35.6715],[119.9046,35.6246],[119.8602,35.6061],[119.8401,35.6579],[119.7439,35.5759],[119.7325,35.6208],[119.648,35.5839],[119.5515,35.38],[119.5077,35.3323],[119.4239,35.3135],[119.358,35.0971],[119.2212,35.064],[119.1929,35.0004],[119.1922,34.7182],[119.2293,34.7597],[119.3118,34.7551],[119.3467,34.7808],[119.4422,34.746],[119.4742,34.7153],[119.4566,34.6846],[119.6477,34.5338],[119.7289,34.5241],[119.8262,34.4704],[119.94,34.4579],[120.2571,34.3118],[120.3713,34.036],[120.4133,33.8974],[120.3997,33.8693],[120.5049,33.7356],[120.5117,33.6567],[120.4837,33.65],[120.6344,33.4669],[120.6672,33.3251],[120.7503,33.2696],[120.7302,33.2049],[120.807,33.1378],[120.7922,33.1087],[120.8189,33.0922],[120.8259,33.0302],[120.8958,33.0136],[120.9048,32.8126],[120.8524,32.756],[120.8604,32.6898],[120.8401,32.7245],[120.8303,32.6977],[120.9066,32.6597],[120.9439,32.6052],[121.0862,32.536],[121.1008,32.498],[121.1573,32.4956],[121.3894,32.3849],[121.4193,32.2503],[121.3609,32.2316],[121.4434,32.1143],[121.6554,32.0629],[121.7986,31.9705],[121.9221,31.7544],[121.9148,31.7064],[121.8173,31.6909],[121.6072,31.7486],[121.2864,31.8906],[121.1151,31.7963],[120.9778,31.8144],[120.9406,31.8446],[120.9414,31.8925],[120.8108,32.0226],[120.6344,32.077],[120.4908,32.0825],[120.3616,32.0256],[120.2671,31.9487],[120.1314,31.9432],[119.992,32.0159],[119.9122,32.1237],[119.9221,32.2174],[119.9005,32.1982],[119.8421,32.2991],[119.7581,32.327],[119.6924,32.3198],[119.6409,32.3588],[119.6129,32.3546],[119.6854,32.2924],[119.649,32.2195],[119.606,32.1969],[119.6453,32.1952],[119.6904,32.2353],[119.7886,32.1986],[119.7638,32.1625],[119.7725,32.1268],[119.8556,32.087],[120.0064,31.9503],[120.23,31.9089],[120.4558,31.9825],[120.4695,32.0251],[120.7504,31.9783],[120.8248,31.8287],[120.8078,31.8097],[120.7515,31.8247],[120.7171,31.8611],[120.7315,31.8139],[121.0138,31.743],[121.1444,31.6847],[121.3203,31.5048],[121.7252,31.2816],[121.9508,30.9821],[121.9774,30.9149],[121.9601,30.8743],[121.5429,30.8165],[121.4106,30.7674],[121.3335,30.7031],[121.2029,30.6651],[121.1213,30.593],[120.9981,30.5579],[120.9317,30.473],[120.9395,30.4219],[120.8948,30.4013],[120.9151,30.3746],[120.8318,30.3053],[120.7874,30.2936],[120.6981,30.394],[120.4791,30.4035],[120.4303,30.3898],[120.379,30.2735],[120.2579,30.2981],[120.1471,30.1989],[120.179,30.2007],[120.2744,30.2776],[120.3503,30.2407],[120.3847,30.2496],[120.4505,30.3689],[120.6216,30.3726],[120.6517,30.3593],[120.6987,30.2518],[120.7344,30.2322],[120.6318,30.1224],[120.6825,30.0849],[120.765,30.0866],[120.7922,30.0661],[120.7837,30.0893],[120.688,30.0978],[120.6463,30.1269],[120.7514,30.2256],[120.8928,30.1698],[120.9944,30.2111],[121.1497,30.3258],[121.2541,30.3484],[121.4296,30.293],[121.6583,30.0184],[121.7323,29.9786],[121.7219,29.9605],[121.7675,29.9732],[121.9149,29.9187],[121.9356,29.8874],[122.1291,29.9038],[122.1148,29.8716],[121.8731,29.7538],[121.8624,29.708],[121.6873,29.5626],[121.5743,29.5522],[121.5308,29.51],[121.511,29.549],[121.4434,29.5242],[121.4553,29.4894],[121.4278,29.4679],[121.4426,29.4154],[121.5049,29.4838],[121.4918,29.456],[121.5117,29.4376],[121.4776,29.4127],[121.4849,29.3905],[121.5696,29.4746],[121.7109,29.5386],[121.7313,29.518],[121.764,29.5308],[121.7784,29.4694],[121.812,29.4901],[121.8448,29.5362],[121.745,29.5447],[121.7961,29.6006],[121.9158,29.6409],[121.9712,29.5933],[121.9498,29.5385],[121.9104,29.5246],[121.971,29.4491],[121.9573,29.4081],[121.9226,29.4181],[121.9314,29.3239],[121.9005,29.2987],[121.94,29.2641],[121.9744,29.2846],[121.9915,29.2573],[121.9532,29.2497],[121.943,29.1959],[121.8406,29.1611],[121.7853,29.1681],[121.7997,29.3051],[121.8406,29.3188],[121.7882,29.3286],[121.7866,29.3745],[121.7586,29.3598],[121.7743,29.2539],[121.7243,29.182],[121.6525,29.183],[121.6404,29.3066],[121.6289,29.1884],[121.5743,29.3051],[121.5743,29.2778],[121.5259,29.2778],[121.5035,29.1789],[121.4802,29.1972],[121.4564,29.1611],[121.4085,29.1611],[121.4564,29.1338],[121.4017,29.1065],[121.6214,29.1133],[121.6148,29.0581],[121.5369,29.0612],[121.5321,29.0205],[121.5574,29.049],[121.6419,29.0513],[121.6898,29.0171],[121.6538,28.9886],[121.7178,28.9488],[121.6842,28.9147],[121.5874,28.9631],[121.5708,28.9301],[121.5169,28.9564],[121.4918,28.9284],[121.6109,28.8912],[121.6235,28.8423],[121.6699,28.8253],[121.6358,28.8048],[121.6626,28.7906],[121.6183,28.7619],[121.6214,28.7359],[121.5028,28.7004],[121.3512,28.7119],[121.2379,28.7639],[121.2144,28.8073],[121.1423,28.8459],[121.2993,28.7229],[121.2584,28.6751],[121.4138,28.6966],[121.5101,28.6571],[121.5816,28.5047],[121.5116,28.4895],[121.6077,28.4772],[121.5838,28.4429],[121.6563,28.3393],[121.5855,28.2568],[121.5806,28.3008],[121.5415,28.3218],[121.4731,28.3306],[121.436,28.2971],[121.4089,28.3049],[121.3955,28.2841],[121.416,28.2562],[121.3648,28.2258],[121.354,28.1879],[121.3745,28.1953],[121.374,28.1726],[121.3458,28.1452],[121.2252,28.2389],[121.2489,28.2702],[121.2031,28.3319],[121.2647,28.366],[121.2141,28.3606],[121.169,28.3848],[121.1303,28.3056],[121.025,28.3046],[121.0581,28.2799],[121.1218,28.2844],[121.1248,28.2355],[121.0858,28.1665],[121.0094,28.1031],[120.9652,27.9871],[120.8196,27.9892],[120.731,28.0358],[120.606,28.0422],[120.577,28.1156],[120.5596,28.1128],[120.589,28.0267],[120.6736,28.0217],[120.8353,27.956],[120.8684,27.8826],[120.7226,27.7159],[120.6353,27.7633],[120.6725,27.7115],[120.6756,27.6597],[120.6665,27.6254],[120.5966,27.5703],[120.6185,27.5164],[120.682,27.4816],[120.6465,27.4445],[120.6353,27.3797],[120.5459,27.4033],[120.5396,27.3652],[120.5049,27.345],[120.5493,27.321],[120.5178,27.263],[120.5178,27.2016],[120.4684,27.1822],[120.4597,27.2204],[120.4217,27.2221],[120.4292,27.1737],[120.3762,27.2363],[120.3031,27.2423],[120.2881,27.2645],[120.3193,27.2904],[120.2988,27.2978],[120.3119,27.3177],[120.2237,27.3115],[120.2437,27.2904],[120.2257,27.2686],[120.1958,27.2978],[120.1824,27.2169],[120.2566,27.2569],[120.3064,27.2153],[120.3473,27.2426],[120.3655,27.2096],[120.3473,27.1805],[120.3699,27.1875],[120.4217,27.147],[120.3739,27.147],[120.408,27.1396],[120.367,27.1252],[120.395,27.106],[120.3775,27.0986],[120.2437,27.1327],[120.2783,27.0638],[120.2578,27.0727],[120.2163,27.0371],[120.2415,27.034],[120.2552,26.9971],[120.1487,26.9819],[120.2357,26.9664],[120.2191,26.9154],[120.1257,26.9273],[120.0956,26.8873],[120.032,26.8999],[120.0553,26.8894],[120.0245,26.8379],[120.1282,26.7969],[120.0977,26.7585],[120.1487,26.7212],[120.1021,26.6892],[120.1344,26.6461],[120.0804,26.6174],[120.0797,26.6461],[120.0149,26.6113],[119.96,26.6113],[119.9356,26.5605],[119.8472,26.5236],[119.8326,26.5505],[119.8538,26.5983],[119.9841,26.6535],[119.9768,26.674],[120.0115,26.7212],[120.0323,26.7166],[120.0797,26.7969],[119.9251,26.7922],[119.9356,26.759],[119.888,26.6872],[119.9016,26.6597],[119.8796,26.6553],[119.8569,26.6535],[119.8292,26.715],[119.7918,26.6877],[119.8023,26.7668],[119.8401,26.79],[119.7918,26.79],[119.7974,26.8164],[119.8463,26.8522],[119.782,26.8285],[119.7562,26.7377],[119.7302,26.7429],[119.712,26.8079],[119.6858,26.812],[119.678,26.7631],[119.7249,26.6978],[119.6266,26.7491],[119.606,26.7969],[119.5521,26.7491],[119.5589,26.7082],[119.606,26.6945],[119.5999,26.6461],[119.5411,26.6563],[119.5999,26.5704],[119.6751,26.6188],[119.7849,26.5778],[119.7659,26.5344],[119.7986,26.5158],[119.7849,26.502],[119.8189,26.4532],[119.7918,26.4133],[119.762,26.4075],[119.6537,26.498],[119.5664,26.4549],[119.5731,26.4378],[119.6484,26.4374],[119.6555,26.3556],[119.6887,26.3376],[119.6819,26.3171],[119.7471,26.3276],[119.7544,26.3721],[119.7706,26.3649],[119.8258,26.4269],[119.8401,26.3786],[119.95,26.3649],[119.8775,26.3134],[119.8011,26.3176],[119.7927,26.2841],[119.6543,26.2724],[119.6341,26.2551],[119.6682,26.2215],[119.6001,26.1763],[119.5999,26.1458],[119.5611,26.125],[119.4585,25.9825],[119.0935,26.1458],[119.1573,26.0908],[119.1952,26.0876],[119.2468,25.9672],[119.3298,25.9443],[119.4409,25.9638],[119.5191,26.0445],[119.5664,26.0502],[119.6954,26.0026],[119.6751,25.9261],[119.6165,25.8926],[119.5999,25.8442],[119.5841,25.8769],[119.5664,25.8721],[119.6209,25.7603],[119.5899,25.6872],[119.5354,25.7059],[119.4491,25.6872],[119.4924,25.5648],[119.5584,25.5638],[119.5794,25.5847],[119.5684,25.5474],[119.5931,25.5295],[119.5664,25.5158],[119.5999,25.5084],[119.5726,25.4879],[119.6036,25.4912],[119.628,25.4614],[119.614,25.4388],[119.646,25.3926],[119.6204,25.365],[119.6546,25.3581],[119.5794,25.3445],[119.5999,25.3712],[119.576,25.4674],[119.5386,25.4612],[119.536,25.4191],[119.5582,25.4046],[119.5444,25.3772],[119.4832,25.3712],[119.5073,25.4744],[119.4662,25.4748],[119.447,25.4388],[119.4491,25.5053],[119.3565,25.5269],[119.3809,25.5909],[119.3604,25.5773],[119.343,25.6092],[119.3052,25.6046],[119.3214,25.5873],[119.2778,25.5705],[119.2378,25.4818],[119.1025,25.4203],[119.1732,25.3251],[119.2034,25.3581],[119.2232,25.3166],[119.1815,25.2893],[119.2013,25.2597],[119.243,25.3302],[119.2887,25.3254],[119.3475,25.2678],[119.3442,25.2424],[119.2725,25.2318],[119.2813,25.1794],[119.2294,25.1932],[119.1756,25.1765],[119.142,25.221],[119.1161,25.2138],[119.1042,25.1829],[119.1531,25.1397],[119.0933,25.1356],[119.0991,25.1112],[119.0648,25.1247],[119.0647,25.1625],[119.0444,25.1247],[119.0291,25.1405],[119.0689,25.2167],[118.9693,25.2264],[119.0273,25.2782],[118.9185,25.2644],[118.8648,25.228],[118.9111,25.2172],[118.9153,25.1794],[118.9483,25.1972],[118.9746,25.1826],[118.943,25.1088],[118.8577,25.098],[118.8491,25.0738],[118.9537,25.003],[119.0042,25.0502],[118.9857,25],[112,25]]],[[[131.6598,32.4768],[131.6891,32.4217],[131.6294,32.3868],[131.4473,31.8769],[131.4559,31.822],[131.4963,31.796],[131.4553,31.6209],[131.3908,31.5488],[131.3937,31.491],[131.3382,31.3726],[131.2498,31.3881],[131.2127,31.4547],[131.1506,31.4713],[131.0718,31.4496],[131.0136,31.3631],[131.104,31.3288],[131.0742,31.2821],[131.1321,31.2795],[131.0602,31.2253],[131.0082,31.2211],[130.9407,31.1213],[130.7924,31.0778],[130.6577,31.0032],[130.6633,31.0695],[130.7427,31.1213],[130.7953,31.3444],[130.7473,31.4355],[130.7034,31.4593],[130.6956,31.5458],[130.5909,31.586],[130.6379,31.6226],[130.6878,31.6195],[130.7223,31.5973],[130.7227,31.5634],[130.7586,31.5638],[130.8103,31.6509],[130.7764,31.7103],[130.6448,31.7147],[130.5291,31.5133],[130.5161,31.4533],[130.5627,31.3344],[130.6237,31.2756],[130.6603,31.2714],[130.6398,31.1865],[130.5864,31.1554],[130.5217,31.1687],[130.4948,31.2272],[130.4511,31.2494],[130.2222,31.2463],[130.1794,31.3278],[130.2078,31.3366],[130.119,31.4086],[130.1624,31.4219],[130.2283,31.3813],[130.2933,31.4447],[130.3345,31.5624],[130.3255,31.6421],[130.1714,31.7901],[130.1903,31.8351],[130.2351,31.8195],[130.197,31.8585],[130.2204,31.9296],[130.1741,31.9988],[130.204,32.0483],[130.1799,32.0935],[130.2483,32.1337],[130.2787,32.1005],[130.3196,32.1182],[130.4617,32.3],[130.4696,32.3471],[130.5125,32.3382],[130.51,32.3785],[130.5713,32.4519],[130.5505,32.4917],[130.5988,32.5054],[130.5647,32.5463],[130.6683,32.6487],[130.448,32.6214],[130.5654,32.6934],[130.626,32.704],[130.592,32.7487],[130.6113,32.7855],[130.4413,32.9237],[130.4207,33.0876],[130.3648,33.1403],[130.2904,33.1496],[130.2414,33.1882],[130.1509,33.1119],[130.1276,33.1209],[130.2223,32.9752],[130.1885,32.9153],[130.1053,32.8759],[130.1536,32.8425],[130.2436,32.8753],[130.3394,32.8566],[130.3748,32.7802],[130.3608,32.688],[130.166,32.593],[130.1696,32.6191],[130.1295,32.6411],[130.1281,32.6839],[130.1901,32.7141],[130.2076,32.7522],[130.1784,32.7929],[130.0938,32.7949],[129.9908,32.7469],[129.9585,32.7648],[129.8949,32.6627],[129.8413,32.6394],[129.7829,32.5735],[129.7404,32.5684],[129.8145,32.6626],[129.7969,32.6922],[129.8344,32.6941],[129.8591,32.7245],[129.8238,32.722],[129.771,32.814],[129.7327,32.8056],[129.6384,32.9265],[129.6324,32.9791],[129.6816,33.0941],[129.7597,33.0479],[129.7417,32.991],[129.7663,33.018],[129.8233,32.9795],[129.8067,32.9147],[129.7869,32.9478],[129.7944,32.8749],[129.8454,32.8383],[129.8832,32.8757],[130.0031,32.8454],[129.9312,32.9289],[129.9456,33.0158],[129.8814,33.0628],[129.8239,33.0431],[129.7975,33.0773],[129.7465,33.0656],[129.7332,33.1016],[129.7492,33.0981],[129.7587,33.1389],[129.7285,33.1223],[129.7098,33.1626],[129.7041,33.1118],[129.6665,33.1013],[129.6623,33.1265],[129.687,33.1422],[129.6527,33.1903],[129.5521,33.2258],[129.5653,33.2721],[129.5915,33.2834],[129.5715,33.3206],[129.5804,33.371],[129.6444,33.3624],[129.6732,33.3985],[129.6769,33.3624],[129.701,33.353],[129.8075,33.3481],[129.8516,33.28],[129.8413,33.316],[129.8687,33.3974],[129.7873,33.4545],[129.8184,33.4842],[129.8713,33.4429],[129.8368,33.5133],[129.8532,33.5525],[129.9421,33.5317],[129.9613,33.5128],[129.9412,33.4795],[130.0169,33.4458],[130.0553,33.4952],[130.168,33.5341],[130.093,33.5734],[130.1567,33.6065],[130.1595,33.6296],[130.1978,33.6336],[130.208,33.6651],[130.2903,33.5742],[130.3909,33.6049],[130.3987,33.6691],[130.349,33.6411],[130.2893,33.6815],[130.3455,33.6625],[130.4446,33.7182],[130.47,33.7629],[130.4496,33.8022],[130.4889,33.8554],[130.6331,33.8825],[130.6844,33.9342],[130.756,33.9437],[130.8282,33.9396],[130.8213,33.9203],[130.8614,33.9256],[130.9136,33.8912],[131.0071,33.9661],[130.9998,33.8739],[130.9617,33.8162],[131.0069,33.8131],[131.0098,33.7462],[131.103,33.6243],[131.3676,33.5748],[131.4177,33.5817],[131.521,33.6764],[131.6674,33.6672],[131.7295,33.5802],[131.7373,33.4846],[131.7062,33.4096],[131.6403,33.4166],[131.6346,33.374],[131.5962,33.3494],[131.506,33.3631],[131.5104,33.2734],[131.6122,33.2529],[131.7109,33.2702],[131.8222,33.244],[131.9026,33.266],[131.8096,33.1276],[131.9115,33.1248],[131.8689,33.0943],[131.8805,33.075],[131.9292,33.0683],[131.9424,33.0926],[131.9761,33.0602],[131.9961,33.0917],[132.0095,33.0512],[131.9296,33.0471],[131.9032,32.9831],[131.9592,32.9445],[132.0812,32.9432],[131.9822,32.8889],[132.0002,32.8713],[131.9556,32.8275],[131.9978,32.8297],[131.9966,32.8105],[131.9292,32.7783],[131.8825,32.7834],[131.8559,32.6861],[131.8219,32.7027],[131.7433,32.588],[131.7047,32.5816],[131.6851,32.5224],[131.7365,32.4917],[131.6955,32.4682],[131.6598,32.4768]]],[[[133.4222,34.445],[133.3411,34.348],[133.2817,34.3215],[133.2699,34.3392],[133.315,34.366],[133.2585,34.3823],[133.2766,34.4018],[133.2473,34.4265],[133.2297,34.3762],[133.1821,34.3414],[133.2087,34.3078],[133.1856,34.2805],[133.161,34.2942],[133.0764,34.2596],[133.0723,34.3175],[133.114,34.3518],[133.1133,34.3141],[133.1331,34.3182],[133.1685,34.355],[133.0933,34.3898],[133.0591,34.3323],[132.853,34.2873],[132.8362,34.3111],[132.7622,34.2703],[132.7715,34.2353],[132.6563,34.1993],[132.6135,34.2185],[132.5545,34.1924],[132.5598,34.2184],[132.5037,34.2873],[132.5037,34.3283],[132.531,34.3352],[132.5176,34.353],[132.4055,34.3681],[132.346,34.3488],[132.2225,34.239],[132.2437,34.1669],[132.2019,34.1086],[132.2132,33.9897],[132.1356,33.9384],[132.1616,33.8417],[132.0559,33.7772],[132.0444,33.7933],[132.0785,33.8349],[132.1089,33.8303],[132.0995,33.8723],[131.9723,33.9168],[131.8521,33.9984],[131.8123,33.9714],[131.8265,33.9652],[131.7796,33.9697],[131.8228,34.0267],[131.7415,34.0562],[131.6335,34.0267],[131.5933,34.0373],[131.5789,33.9857],[131.4829,34.032],[131.4412,33.9789],[131.4206,33.9994],[131.3933,33.9857],[131.3899,34.0397],[131.3325,33.9621],[131.258,33.9248],[131.2158,33.9508],[131.1782,33.9305],[131.166,33.9771],[131.1032,34.0302],[131.0356,34.048],[130.9158,33.914],[130.8794,33.9379],[130.9171,34.0109],[130.9126,34.0533],[130.8784,34.0679],[130.8616,34.1127],[130.9234,34.1838],[130.8716,34.2792],[130.8931,34.3435],[131.0336,34.3818],[130.9339,34.396],[130.9588,34.4274],[131.1339,34.4116],[131.1408,34.3785],[131.1727,34.3677],[131.1917,34.3936],[131.1713,34.4295],[131.2526,34.4374],[131.2812,34.408],[131.2295,34.4177],[131.209,34.3693],[131.4143,34.424],[131.4548,34.5191],[131.5365,34.5656],[131.5573,34.6149],[131.5959,34.6168],[131.5969,34.6596],[131.6564,34.6536],[131.8584,34.7145],[131.8738,34.7592],[132.0539,34.8723],[132.0633,34.9075],[132.2365,35.0348],[132.3168,35.0623],[132.4081,35.1751],[132.5319,35.2577],[132.6387,35.2946],[132.674,35.3854],[132.6311,35.4198],[132.6354,35.441],[132.7486,35.4515],[132.7255,35.4708],[132.8377,35.5061],[132.9697,35.517],[132.9732,35.5419],[133.0335,35.546],[133.0913,35.6015],[133.1565,35.5626],[133.3088,35.5772],[133.326,35.5685],[133.2547,35.5338],[133.2647,35.4962],[133.4002,35.4543],[133.4412,35.491],[133.5802,35.5336],[133.7311,35.5029],[134.2378,35.5467],[134.537,35.6722],[134.927,35.6412],[135.0841,35.739],[135.2268,35.7723],[135.3062,35.6715],[135.2588,35.6568],[135.1883,35.5453],[135.2482,35.5917],[135.2709,35.5629],[135.2387,35.542],[135.3355,35.5082],[135.319,35.447],[135.3525,35.487],[135.4024,35.4822],[135.4024,35.507],[135.3502,35.5103],[135.3378,35.5375],[135.4632,35.6033],[135.4524,35.5718],[135.4829,35.5592],[135.479,35.5225],[135.5122,35.548],[135.511,35.4982],[135.5296,35.4927],[135.5768,35.496],[135.6489,35.5428],[135.6698,35.5344],[135.6221,35.4866],[135.7244,35.4907],[135.7482,35.5335],[135.7208,35.5223],[135.6916,35.5459],[135.7384,35.5705],[135.7941,35.5314],[135.8343,35.5344],[135.8043,35.5752],[135.8547,35.579],[135.8117,35.6434],[135.9194,35.6082],[135.9806,35.6305],[135.956,35.7283],[136.0197,35.7653],[136.0468,35.7037],[136.027,35.6809],[136.0691,35.6619],[136.0995,35.7757],[135.9935,35.8851],[135.9632,35.9999],[136.1202,36.1998],[136.1242,36.2532],[136.1967,36.2644],[136.3823,36.3911],[136.6897,36.7308],[136.7606,36.8706],[136.7676,36.981],[136.7204,37.055],[136.721,37.142],[136.6703,37.15],[136.7332,37.285],[136.7215,37.3253],[136.7838,37.3739],[136.8808,37.408],[136.9348,37.3995],[137.1138,37.4877],[137.2555,37.5246],[137.3509,37.5061],[137.3512,37.4457],[137.2536,37.4291],[137.2374,37.3799],[137.2653,37.3398],[137.2302,37.2921],[137.1087,37.2834],[137.0707,37.2186],[137.0142,37.1849],[136.9459,37.2172],[136.9511,37.2345],[136.8926,37.1733],[136.8932,37.1175],[136.8687,37.1109],[136.8609,37.0768],[136.9336,37.0798],[136.9801,37.0469],[137.0471,37.0988],[137.0544,36.9667],[136.9877,36.871],[137.0055,36.8359],[137.157,36.7608],[137.2987,36.757],[137.3836,36.8001],[137.4476,36.9335],[137.8967,37.0575],[138.0975,37.1711],[138.1644,37.1617],[138.2449,37.1838],[138.5506,37.3779],[138.6597,37.5244],[138.7466,37.5969],[138.8577,37.8278],[139.0682,37.9551],[139.2159,37.9899],[139.4251,38.1513],[139.4927,38.4542],[139.5992,38.6483],[139.7738,38.8171],[139.8919,39.1332],[139.9168,39.2625],[139.9953,39.3273],[140.0486,39.5047],[140.0593,39.7275],[140.0276,39.8245],[139.9214,39.8985],[139.8438,39.8618],[139.7601,39.8581],[139.7087,39.9243],[139.7194,39.9521],[139.6977,39.9886],[139.7006,40.0056],[139.8221,39.9611],[139.8669,39.9843],[139.978,40.1255],[140.0112,40.2355],[140.0243,40.355],[139.9461,40.4189],[139.9285,40.571],[139.8568,40.5902],[139.8604,40.6088],[140.046,40.7678],[140.1224,40.7448],[140.2708,40.8124],[140.3219,41.0274],[140.3696,40.9861],[140.3696,41.0217],[140.4078,41.0257],[140.3269,41.0412],[140.3002,41.1113],[140.2481,41.1234],[140.3204,41.1498],[140.3423,41.2657],[140.4622,41.1839],[140.5486,41.2262],[140.6327,41.1943],[140.6413,41.0415],[140.673,40.8956],[140.7031,40.8533],[140.7992,40.8391],[140.8521,40.8838],[140.8708,40.9449],[140.8405,40.953],[140.8887,41.0108],[140.9487,40.9907],[140.9814,40.9598],[140.9751,40.9378],[141.1263,40.8729],[141.1852,40.9112],[141.2264,40.9874],[141.2464,41.1069],[141.2779,41.1553],[141.2059,41.2647],[141.1612,41.2785],[141.1468,41.2363],[141.0581,41.1831],[140.9776,41.1965],[140.8145,41.1285],[140.7658,41.145],[140.8031,41.3295],[140.837,41.4182],[140.9011,41.481],[140.9071,41.5385],[141.1078,41.4639],[141.195,41.3872],[141.2761,41.3532],[141.3822,41.3726],[141.4606,41.4302],[141.3908,41.161],[141.3863,41.0304],[141.4374,40.6701],[141.4916,40.5623],[141.5325,40.5314],[141.5755,40.5423],[141.6909,40.4423],[141.8304,40.2512],[141.842,40.2258],[141.8133,40.1836],[141.8772,40.1393],[141.8474,40.1151],[141.8425,40.0704],[141.9496,39.9966],[141.9614,39.9537],[141.9422,39.9245],[142.0049,39.7727],[141.9605,39.6116],[142.0361,39.639],[142.0308,39.5842],[142.0703,39.5502],[142.0151,39.4887],[141.953,39.4608],[141.9963,39.4453],[142.0364,39.4838],[142.0584,39.4663],[142.0316,39.4173],[141.9387,39.3851],[141.9641,39.3756],[141.9053,39.3305],[141.981,39.351],[141.9837,39.3271],[141.9149,39.2949],[141.9326,39.2752],[141.8991,39.2752],[141.8991,39.2485],[141.947,39.2497],[141.93,39.2122],[141.8787,39.2076],[141.9263,39.1871],[141.9158,39.17],[141.8438,39.1523],[141.9133,39.0977],[141.8171,39.0909],[141.8718,39.0629],[141.8233,39.0567],[141.8474,39.022],[141.7277,39.0363],[141.7482,38.9879],[141.7134,38.9742],[141.7302,38.9512],[141.68,38.9708],[141.6936,38.9953],[141.6384,38.9854],[141.6736,38.852],[141.6367,38.8911],[141.5886,38.8822],[141.5871,38.8192],[141.5217,38.7681],[141.5664,38.7036],[141.4631,38.6614],[141.5352,38.632],[141.4671,38.5695],[141.5147,38.5348],[141.5291,38.549],[141.5476,38.5186],[141.5428,38.4814],[141.5148,38.508],[141.508,38.4466],[141.4705,38.4295],[141.4876,38.392],[141.5491,38.3852],[141.5012,38.3715],[141.5428,38.3026],[141.5254,38.2678],[141.4634,38.2992],[141.4671,38.3231],[141.4255,38.3436],[141.4281,38.3804],[141.3045,38.4079],[141.2024,38.3858],[141.1697,38.3228],[141.1318,38.3715],[141.0794,38.3609],[141.0487,38.3095],[141.0806,38.2949],[140.9668,38.1705],[140.9198,37.9652],[140.9334,37.8892],[141.0222,37.727],[141.0078,37.6789],[141.0282,37.6481],[141.0418,37.3771],[141.0078,37.1339],[140.9603,36.9662],[140.8044,36.886],[140.7419,36.7685],[140.6939,36.618],[140.6235,36.5061],[140.6169,36.3378],[140.5641,36.2831],[140.5784,36.161],[140.646,36.0133],[140.8416,35.7424],[140.8794,35.7205],[140.8607,35.6878],[140.8283,35.714],[140.6611,35.6886],[140.4835,35.566],[140.4232,35.4906],[140.3859,35.381],[140.4131,35.3012],[140.3776,35.1764],[140.3489,35.1805],[140.3212,35.1304],[140.2944,35.1466],[140.2374,35.1124],[140.1346,35.1226],[140.1008,35.0758],[139.991,35.0205],[139.9264,34.9074],[139.8431,34.9],[139.8108,34.9435],[139.757,34.9563],[139.7528,34.9758],[139.87,34.9993],[139.8358,35.0272],[139.8496,35.058],[139.819,35.1577],[139.8663,35.2462],[139.8493,35.2936],[139.781,35.3181],[139.8242,35.3284],[139.8448,35.3762],[139.8927,35.3642],[139.9001,35.4231],[140.0059,35.4734],[140.102,35.5671],[139.9836,35.6686],[139.9205,35.6621],[139.9396,35.6369],[139.8972,35.6144],[139.8503,35.6375],[139.8373,35.6145],[139.8068,35.6382],[139.7891,35.6032],[139.7653,35.6535],[139.7991,35.54],[139.7881,35.5133],[139.7141,35.4647],[139.6423,35.4543],[139.6874,35.4322],[139.6869,35.4007],[139.6358,35.4016],[139.6572,35.377],[139.6484,35.2979],[139.7455,35.249],[139.728,35.2071],[139.6665,35.1939],[139.6851,35.1404],[139.6163,35.134],[139.6018,35.2018],[139.624,35.2116],[139.5442,35.3079],[139.4149,35.3188],[139.1835,35.2633],[139.146,35.2352],[139.1581,35.1365],[139.1208,35.1503],[139.0767,35.0751],[139.0759,35.0532],[139.106,35.0494],[139.0865,34.9973],[139.1426,34.9423],[139.1409,34.8706],[139.0991,34.8561],[138.9988,34.7333],[138.9937,34.6498],[138.9408,34.6611],[138.8353,34.5959],[138.7466,34.6915],[138.744,34.7289],[138.7743,34.7513],[138.7481,34.8132],[138.7538,34.8795],[138.7898,34.9068],[138.7619,34.9799],[138.7861,35.0264],[138.9076,35.0307],[138.8033,35.1219],[138.6962,35.139],[138.5541,35.0961],[138.4979,35.0326],[138.507,34.9911],[138.5316,35.0169],[138.5143,34.9802],[138.3671,34.9173],[138.3283,34.8553],[138.3408,34.8265],[138.216,34.7123],[138.1936,34.6415],[138.2333,34.5946],[137.9676,34.6665],[137.7922,34.6394],[137.547,34.6773],[137.0161,34.5788],[137.0728,34.6646],[137.1109,34.6254],[137.2823,34.7312],[137.3035,34.6894],[137.3093,34.7257],[137.3408,34.7265],[137.3123,34.7367],[137.3215,34.7734],[137.28,34.8081],[137.1944,34.807],[137.1708,34.7639],[137.1715,34.784],[137.0182,34.7833],[136.9582,34.8324],[136.9789,34.9242],[136.9156,34.776],[136.9715,34.6964],[136.856,34.7398],[136.8429,34.7691],[136.8643,34.8365],[136.8277,34.8719],[136.8235,34.9549],[136.8857,35.0892],[136.8489,35.0395],[136.8301,35.0788],[136.8393,35.0325],[136.7995,35.0486],[136.7979,35.0241],[136.7256,35.0272],[136.6592,34.984],[136.6393,34.889],[136.5349,34.7657],[136.5195,34.6809],[136.551,34.602],[136.633,34.5911],[136.916,34.434],[136.9168,34.3762],[136.8753,34.3693],[136.9099,34.355],[136.8833,34.3283],[136.8957,34.2669],[136.7942,34.2531],[136.7734,34.2731],[136.8416,34.2595],[136.8464,34.3076],[136.8075,34.3078],[136.8075,34.2873],[136.7734,34.3078],[136.7026,34.2952],[136.7234,34.3313],[136.7068,34.3343],[136.6499,34.3141],[136.667,34.2979],[136.6081,34.2646],[136.523,34.2731],[136.5148,34.2298],[136.4717,34.239],[136.3367,34.184],[136.299,34.1543],[136.3084,34.09],[136.2835,34.0813],[136.2527,34.1086],[136.2185,34.0751],[136.2798,34.0173],[136.2732,33.9714],[136.2322,33.9932],[136.2048,33.9714],[136.2285,33.9384],[136.1047,33.8914],[135.9807,33.653],[135.9371,33.6175],[135.9599,33.5931],[135.8848,33.529],[135.8092,33.505],[135.783,33.4729],[135.7893,33.4411],[135.76,33.4333],[135.7656,33.4815],[135.4448,33.5508],[135.3277,33.6712],[135.3429,33.6939],[135.4024,33.7011],[135.3916,33.7136],[135.3121,33.7655],[135.2326,33.782],[135.1187,33.8929],[135.0589,33.88],[135.0696,33.9307],[135.1012,33.9544],[135.0757,33.9775],[135.1616,34.025],[135.1531,34.0486],[135.0945,34.0676],[135.1287,34.1086],[135.1228,34.1371],[135.19,34.1496],[135.1196,34.2422],[135.061,34.2673],[135.105,34.3181],[135.209,34.3423],[135.3726,34.4845],[135.3732,34.5189],[135.4144,34.5581],[135.4129,34.6921],[135.2869,34.7054],[135.2873,34.68],[135.2536,34.677],[135.2549,34.7009],[135.2201,34.6908],[135.2423,34.6508],[135.186,34.6749],[135.184,34.6512],[135.0458,34.625],[134.9603,34.6436],[134.7444,34.7665],[134.5191,34.7597],[134.4912,34.7871],[134.4229,34.7256],[134.3684,34.736],[134.354,34.7051],[134.2088,34.728],[134.2788,34.6982],[134.1553,34.6369],[134.1895,34.6369],[134.148,34.597],[134.0837,34.5815],[133.9944,34.6087],[133.9367,34.5872],[133.9426,34.5551],[134.0007,34.5945],[134.0462,34.5815],[133.9363,34.4512],[133.8218,34.4621],[133.8264,34.4376],[133.7944,34.4429],[133.7234,34.5276],[133.4701,34.424],[133.5225,34.4831],[133.4303,34.473],[133.4222,34.445]]],[[[145,42.9861],[144.8688,42.9885],[144.8402,43.0401],[144.7987,43.0467],[144.7356,42.9795],[144.7835,42.9348],[144.742,42.9242],[144.5991,42.9491],[144.4649,42.9371],[144.323,43.0026],[144.042,42.9266],[143.8864,42.8442],[143.5752,42.6033],[143.349,42.3192],[143.3249,42.2297],[143.3311,42.1069],[143.2415,41.928],[143.1152,42.028],[142.9597,42.1054],[142.46,42.2713],[142.281,42.3665],[142.1678,42.4599],[142.0626,42.4707],[141.8171,42.5996],[141.6365,42.6158],[141.4277,42.5644],[141.0916,42.3918],[140.9773,42.2996],[140.9317,42.3288],[140.9868,42.3398],[140.918,42.3725],[140.9014,42.4208],[140.7337,42.5642],[140.5007,42.5792],[140.417,42.5382],[140.3255,42.4328],[140.2886,42.3502],[140.2918,42.2596],[140.5488,42.1055],[140.7136,42.1335],[140.9743,41.9138],[141.1069,41.8718],[141.2,41.7995],[141.0064,41.7121],[140.824,41.7707],[140.708,41.7456],[140.7272,41.8113],[140.6604,41.8271],[140.6043,41.7363],[140.4529,41.6811],[140.4324,41.5308],[140.2747,41.4824],[140.209,41.4011],[140.0383,41.4426],[139.9798,41.5817],[140.083,41.8008],[140.1267,41.814],[140.145,41.9827],[140.0276,42.1055],[139.9275,42.1389],[139.8836,42.195],[139.7984,42.2359],[139.7676,42.311],[139.8368,42.4239],[139.8328,42.5888],[139.877,42.6634],[140.0379,42.686],[140.2004,42.8143],[140.2815,42.7573],[140.3771,42.8938],[140.5212,42.9963],[140.4873,43.0827],[140.3381,43.2105],[140.3294,43.2507],[140.3601,43.3252],[140.4339,43.3284],[140.4872,43.3724],[140.7962,43.1955],[141.0112,43.229],[141.022,43.175],[141.1691,43.1409],[141.304,43.1973],[141.4234,43.3179],[141.4397,43.4078],[141.3599,43.5236],[141.3914,43.5791],[141.3374,43.7128],[141.385,43.7913],[141.5282,43.8412],[141.6406,43.9379],[141.6702,44.0666],[141.6554,44.2769],[141.7472,44.4242],[141.7961,44.6418],[141.7536,44.8854],[141.5864,45.1644],[141.5838,45.2512],[141.6492,45.341],[141.6394,45.4211],[141.6657,45.4504],[141.6921,45.4023],[141.8233,45.4226],[141.8753,45.4482],[141.8939,45.5006],[141.945,45.5204],[142.0567,45.402],[142.2212,45.2996],[142.5393,45.0185],[142.6307,44.8837],[142.9815,44.5865],[143.3514,44.381],[143.4053,44.3175],[143.7766,44.1893],[143.6804,44.1824],[143.7283,44.1135],[143.9378,44.0964],[143.9992,44.134],[144.1193,44.1291],[144.1717,44.106],[144.1268,44.0801],[144.1055,44.0316],[144.1528,44.0198],[144.2151,44.1115],[144.2429,44.1192],[144.2783,44.0368],[144.3794,43.9565],[144.7405,43.9146],[144.8312,43.9422],[145,44.0787],[145,42.9861]]],[[[144.0073,50],[144.1261,49.7469],[144.1372,49.6396],[144.2285,49.5172],[144.2217,49.4384],[144.2827,49.2502],[144.4104,49.0393],[144.6847,48.8732],[144.7083,48.7941],[144.6878,48.7565],[144.7029,48.6887],[144.7566,48.6433],[144.6773,48.6564],[144.6326,48.8083],[144.5037,48.9487],[144.2903,49.0696],[144.2459,49.1317],[144.0579,49.2534],[143.6897,49.3124],[143.7283,49.3354],[143.4797,49.3531],[143.4035,49.4005],[143.2586,49.3934],[143.2498,49.3733],[143.3296,49.3411],[143.3313,49.3139],[143.6668,49.3149],[143.3711,49.2992],[143.1742,49.246],[143.0088,49.123],[142.9746,49.0459],[142.9885,48.9167],[142.7927,48.5626],[142.5374,48.0101],[142.5453,47.7667],[142.5921,47.6421],[142.7481,47.4448],[142.714,47.4372],[142.8786,47.3893],[143.0164,47.2536],[143.043,47.1492],[143.0325,47.0707],[143.12,46.8871],[143.0977,46.8756],[143.1741,46.8627],[143.1512,46.8396],[143.09,46.8386],[143.0838,46.8135],[143.1355,46.78],[143.1729,46.7078],[143.2415,46.7173],[143.3413,46.6838],[143.3897,46.7081],[143.349,46.7492],[143.1937,46.78],[143.173,46.8135],[143.1971,46.8408],[143.321,46.7957],[143.4187,46.7997],[143.4546,46.8483],[143.4782,46.8284],[143.5115,46.7702],[143.5259,46.5855],[143.5765,46.4475],[143.5576,46.3964],[143.6257,46.3747],[143.5818,46.3445],[143.5706,46.2995],[143.4758,46.19],[143.4749,46.0873],[143.4305,46.0252],[143.4214,46.2231],[143.3379,46.4094],[143.3311,46.4882],[143.3732,46.492],[143.3931,46.5329],[143.3687,46.5555],[143.2764,46.5602],[143.3032,46.5144],[143.1595,46.5983],[143.0671,46.5876],[142.9338,46.6149],[142.7966,46.5944],[142.7549,46.6383],[142.7246,46.7408],[142.6184,46.7186],[142.4572,46.6308],[142.2819,46.3275],[142.197,46.0218],[142.12,45.9922],[142.0942,45.9028],[142.0532,45.916],[141.9326,46.0358],[141.8991,46.2791],[141.8376,46.4156],[141.8142,46.5384],[141.8223,46.6023],[142.0567,47.0537],[142.0567,47.1697],[141.9751,47.2976],[141.9912,47.3696],[141.9517,47.4811],[141.9658,47.6125],[142.093,47.8556],[142.1911,47.9667],[142.1331,48.3337],[141.9196,48.6091],[141.8731,48.6885],[141.8574,48.7742],[141.9673,48.8624],[141.9605,48.904],[141.9964,48.9429],[142.0361,49.0617],[142.0239,49.0993],[142.0772,49.1982],[142.0628,49.3149],[142.125,49.4623],[142.1597,49.678],[142.1519,49.8255],[142.125,49.8977],[142.1583,50],[144.0073,50]]]]}},{"type":"Feature","properties":{},"geometry":{"type":"MultiPolygon","coordinates":[[[[119.3054,26.036],[119.405,25.9779],[119.2576,26.0015],[119.2092,26.0986],[119.2576,26.0476],[119.3054,26.036]]],[[[122.2388,30.3131],[122.2039,30.2914],[122.2319,30.2777],[122.2023,30.2419],[122.0736,30.2914],[122.2114,30.3466],[122.2388,30.3131]]],[[[122.3989,30.4565],[122.4231,30.4149],[122.2728,30.436],[122.28,30.4826],[122.3989,30.4565]]],[[[121.8377,31.3751],[121.8818,31.3366],[121.8347,31.2925],[121.7942,31.3688],[121.8377,31.3751]]],[[[119.8807,32.1252],[119.9019,32.0734],[119.792,32.1218],[119.8193,32.2038],[119.7498,32.228],[119.7162,32.2727],[119.7508,32.2931],[119.8143,32.2756],[119.8807,32.1252]]],[[[133.0742,36.1279],[133.0872,36.1108],[133.0584,36.1032],[133.0449,36.0551],[133.01,36.0815],[132.9904,36.0771],[132.995,36.0382],[132.9494,36.062],[133.0387,36.1308],[133.0742,36.1279]]],[[[131.9201,43.0195],[131.8833,42.9608],[131.757,42.9901],[131.7912,42.9963],[131.7694,43.0154],[131.7912,43.0174],[131.7775,43.0446],[131.8594,43.0373],[131.8265,43.0652],[131.9201,43.0195]]],[[[126.8101,26.3519],[126.7889,26.3035],[126.6978,26.369],[126.7699,26.388],[126.8101,26.3519]]],[[[128.7007,27.4548],[128.6131,27.3643],[128.5599,27.3507],[128.5269,27.3719],[128.5384,27.4176],[128.6188,27.4156],[128.7007,27.4548]]],[[[130.0303,28.3735],[129.9955,28.2909],[129.9136,28.2971],[130.0303,28.3735]]],[[[121.9575,29.1195],[121.9353,29.0629],[121.8887,29.0723],[121.9002,29.0937],[121.8682,29.1474],[121.9266,29.1667],[121.9575,29.1195]]],[[[121.8818,30.0764],[121.9105,30.0241],[121.8897,29.984],[121.8601,29.9781],[121.8289,29.9975],[121.8347,30.045],[121.853,30.0871],[121.8818,30.0764]]],[[[130.1531,32.2038],[130.1941,32.1764],[130.1493,32.1105],[130.1111,32.1933],[130.1211,32.2126],[130.1531,32.2038]]],[[[139.4871,34.0608],[139.5234,34.1124],[139.575,34.09],[139.5345,34.0375],[139.4871,34.0608]]],[[[132.9995,34.2084],[132.9548,34.1982],[132.9909,34.2321],[132.9697,34.2526],[133.03,34.2953],[133.0518,34.2223],[132.9995,34.2084]]],[[[127.173,34.4837],[127.2342,34.4803],[127.2419,34.4455],[127.169,34.4177],[127.1174,34.4376],[127.1105,34.4649],[127.173,34.4837]]],[[[121.7624,31.3738],[121.7822,31.3418],[121.7664,31.3206],[121.5845,31.4414],[121.6913,31.4192],[121.7624,31.3738]]]]}},{"type":"Feature","properties":{},"geometry":{"type":"MultiPolygon","coordinates":[[[[121.2555,28.14],[121.2791,28.0854],[121.2381,28.0929],[121.2315,28.065],[121.1516,28.0412],[121.1204,28.1357],[121.1653,28.1505],[121.2306,28.2197],[121.2689,28.1939],[121.2555,28.14]]],[[[126.4054,36.4588],[126.4321,36.4079],[126.3638,36.4114],[126.3776,36.4462],[126.3426,36.4384],[126.3638,36.4735],[126.3281,36.4711],[126.3148,36.5818],[126.3412,36.6041],[126.3735,36.5922],[126.4054,36.4588]]],[[[119.8465,25.5363],[119.8186,25.5458],[119.7988,25.5158],[119.8465,25.4612],[119.772,25.4506],[119.7573,25.4049],[119.693,25.4376],[119.71,25.4879],[119.6685,25.4879],[119.7783,25.522],[119.7263,25.5251],[119.7271,25.5909],[119.7026,25.5773],[119.6927,25.5942],[119.7635,25.6595],[119.7817,25.6592],[119.792,25.6046],[119.8329,25.5909],[119.8169,25.5798],[119.8745,25.5568],[119.8465,25.5363]]],[[[128.9888,27.8111],[129.0247,27.7861],[129.0243,27.7566],[128.9763,27.6955],[128.9295,27.6867],[128.8909,27.7419],[128.8945,27.8913],[128.947,27.9141],[128.9888,27.8111]]],[[[122.3275,30.0245],[122.2936,29.9338],[122.2292,29.9787],[122.099,30.0145],[122.0191,29.9972],[121.9734,30.06],[121.9631,30.1424],[122.1033,30.1437],[122.2896,30.0673],[122.3275,30.0245]]],[[[130.6746,30.3746],[130.6471,30.2905],[130.6038,30.2525],[130.486,30.2258],[130.4377,30.239],[130.3762,30.3944],[130.4234,30.399],[130.499,30.468],[130.6746,30.3746]]],[[[131.052,30.8402],[131.0879,30.7826],[131.0576,30.6113],[131.0356,30.5572],[130.9826,30.5193],[130.9622,30.3728],[130.8704,30.3439],[130.8515,30.4701],[130.87,30.4639],[130.9302,30.5409],[130.9509,30.595],[130.9393,30.6723],[131.052,30.8402]]],[[[130.41,32.5116],[130.4685,32.5116],[130.4348,32.4927],[130.3623,32.375],[130.3539,32.4241],[130.242,32.3955],[130.2131,32.4365],[130.363,32.5271],[130.41,32.5116]]],[[[130.1605,32.5463],[130.199,32.4802],[130.2034,32.3389],[130.075,32.2208],[129.9955,32.1907],[130.0091,32.2521],[129.9613,32.2521],[130.0643,32.3068],[130.0088,32.3059],[129.9797,32.333],[129.9944,32.4241],[130.0303,32.4824],[130.0029,32.5334],[130.0432,32.519],[130.1605,32.5463]]],[[[128.8784,32.6739],[128.8993,32.6425],[128.7796,32.6468],[128.795,32.6101],[128.7731,32.5717],[128.736,32.6035],[128.6526,32.5911],[128.6004,32.6142],[128.6243,32.6673],[128.6387,32.6352],[128.6527,32.6679],[128.6418,32.7614],[128.6608,32.7828],[128.6997,32.7438],[128.8085,32.7999],[128.8106,32.7661],[128.8498,32.7427],[128.8421,32.7039],[128.8784,32.6739]]],[[[129.098,32.9883],[129.1696,33.0058],[129.1828,32.9847],[129.1004,32.919],[129.0966,32.8569],[129.0679,32.8612],[129.065,32.8178],[129.0457,32.8221],[129.0478,32.91],[128.9815,32.9604],[129.0545,32.9793],[129.0486,33.0396],[129.084,33.0234],[129.1082,33.1667],[129.1239,33.1092],[129.098,32.9883]]],[[[129.5557,33.4108],[129.5622,33.3664],[129.4931,33.2452],[129.4126,33.1783],[129.3425,33.1796],[129.3499,33.2135],[129.3848,33.1835],[129.4065,33.194],[129.3777,33.2146],[129.4168,33.2369],[129.4064,33.275],[129.4373,33.2967],[129.4427,33.3481],[129.4951,33.3583],[129.5083,33.3821],[129.5229,33.3684],[129.5393,33.3795],[129.5253,33.4049],[129.5557,33.4108]]],[[[129.7764,33.7734],[129.7997,33.751],[129.7351,33.7367],[129.721,33.6977],[129.6812,33.7442],[129.6571,33.7426],[129.6467,33.7728],[129.687,33.7592],[129.6569,33.8155],[129.6784,33.8149],[129.6886,33.8711],[129.7673,33.8445],[129.7668,33.8021],[129.7969,33.7864],[129.7764,33.7734]]],[[[132.2362,33.869],[132.2163,33.8554],[132.1934,33.8977],[132.2019,33.9448],[132.2795,33.9412],[132.3262,33.8963],[132.4155,33.9379],[132.4695,33.9379],[132.4365,33.9036],[132.3848,33.8942],[132.374,33.8417],[132.3324,33.848],[132.3186,33.8833],[132.2845,33.8616],[132.2362,33.869]]],[[[129.3125,34.2798],[129.3471,34.287],[129.3181,34.2583],[129.3248,34.2293],[129.2975,34.2187],[129.2766,34.1291],[129.2204,34.0889],[129.1716,34.1068],[129.2074,34.3293],[129.2285,34.3208],[129.2241,34.2934],[129.2802,34.3229],[129.3125,34.2798]]],[[[126.3801,34.4984],[126.3459,34.409],[126.3093,34.424],[126.3052,34.4017],[126.21,34.3588],[126.1448,34.355],[126.1531,34.3885],[126.1033,34.4028],[126.2266,34.5276],[126.2683,34.522],[126.2477,34.5748],[126.3223,34.5338],[126.3495,34.5468],[126.3801,34.4984]]],[[[135.0027,34.6084],[135.0301,34.5788],[134.903,34.419],[134.8958,34.3727],[134.9583,34.2704],[134.7287,34.1909],[134.7022,34.2212],[134.7239,34.2526],[134.6881,34.2436],[134.6572,34.2882],[134.6833,34.3282],[134.7208,34.3298],[134.799,34.4468],[135.0027,34.6084]]],[[[129.4526,34.6195],[129.4782,34.5971],[129.4642,34.5543],[129.3618,34.4055],[129.3595,34.3906],[129.3932,34.4108],[129.4008,34.3379],[129.3438,34.3003],[129.3055,34.3249],[129.3451,34.3272],[129.347,34.3559],[129.3051,34.3432],[129.3093,34.3844],[129.2864,34.344],[129.2289,34.3556],[129.2723,34.3757],[129.2686,34.4331],[129.3109,34.4605],[129.276,34.4622],[129.3261,34.5354],[129.2891,34.5699],[129.3233,34.6481],[129.3783,34.6449],[129.4233,34.6951],[129.4646,34.7008],[129.4883,34.6357],[129.4526,34.6195]]],[[[126.056,34.9136],[126.0701,34.9289],[126.0891,34.9113],[126.0807,34.871],[125.9865,34.8627],[126.056,34.9136]]],[[[128.0696,34.815],[128.0559,34.6982],[127.9753,34.6999],[127.9377,34.767],[127.8921,34.7127],[127.8618,34.7309],[127.8294,34.869],[127.9021,34.94],[127.9382,34.914],[127.9056,34.869],[127.9199,34.8354],[127.9619,34.807],[128.0696,34.815]]],[[[133.367,36.2742],[133.3792,36.2082],[133.326,36.1916],[133.3413,36.175],[133.326,36.1581],[133.2564,36.165],[133.1878,36.2161],[133.2095,36.2972],[133.292,36.3425],[133.367,36.2742]]],[[[126.5078,37.5969],[126.4102,37.602],[126.3701,37.631],[126.4167,37.6518],[126.367,37.7272],[126.3738,37.7961],[126.4071,37.8207],[126.5164,37.7672],[126.542,37.631],[126.5078,37.5969]]],[[[139.5485,42.2434],[139.5642,42.2318],[139.5207,42.1745],[139.509,42.1008],[139.4456,42.0548],[139.4108,42.154],[139.4238,42.1916],[139.5485,42.2434]]],[[[141.3272,45.1723],[141.3101,45.1246],[141.2512,45.0992],[141.1501,45.1471],[141.1318,45.2103],[141.2026,45.2491],[141.3272,45.1723]]],[[[141.0527,45.4504],[141.0736,45.4247],[141.0357,45.2649],[140.9989,45.35],[141.001,45.4191],[140.9668,45.4634],[141.0066,45.4404],[141.0527,45.4504]]],[[[134.3674,34.5543],[134.3469,34.4308],[134.3059,34.445],[134.3206,34.4689],[134.2444,34.4177],[134.2432,34.4639],[134.1614,34.4792],[134.1751,34.5201],[134.3674,34.5543]]],[[[126.1741,34.7328],[126.1721,34.7038],[126.1113,34.7177],[126.0696,34.7697],[126.1636,34.755],[126.1741,34.7328]]],[[[126.1687,34.7923],[126.1463,34.7619],[126.0925,34.7876],[126.1494,34.8081],[126.1687,34.7923]]],[[[126.0794,34.8227],[126.0671,34.8505],[126.152,34.8712],[126.1159,34.8031],[126.0794,34.8227]]],[[[128.0728,34.8451],[127.9873,34.8381],[127.9636,34.8598],[128.0178,34.9166],[128.0134,34.8691],[128.0459,34.8936],[128.0728,34.8451]]],[[[129.0278,32.8998],[129.0241,32.848],[128.968,32.8737],[128.9646,32.8983],[128.9956,32.8905],[128.9846,32.9292],[129.0278,32.8998]]]]}},{"type":"Feature","properties":{},"geometry":{"type":"MultiPolygon","coordinates":[[[[133.1213,36.1098],[133.1232,36.0629],[133.0791,36.0209],[133.0813,36.0801],[133.1213,36.1098]]],[[[133.0906,36.1179],[133.1136,36.1135],[133.0933,36.1098],[133.0906,36.1179]]],[[[126.2953,37.8025],[126.3333,37.8004],[126.3359,37.7744],[126.2245,37.7604],[126.2464,37.8118],[126.2953,37.8025]]],[[[122.3213,39.166],[122.4026,39.2138],[122.4026,39.1591],[122.334,39.1463],[122.3213,39.166]]],[[[122.636,39.2343],[122.742,39.2361],[122.6907,39.1933],[122.6975,39.2213],[122.636,39.2343]]],[[[122.6844,39.2622],[122.5862,39.258],[122.5051,39.2969],[122.6844,39.2622]]],[[[121.4225,39.4745],[121.4505,39.4503],[121.4163,39.4403],[121.4356,39.4162],[121.4217,39.3737],[121.3369,39.3774],[121.3796,39.4249],[121.3643,39.4455],[121.2962,39.3914],[121.2595,39.3915],[121.2659,39.4336],[121.3406,39.4814],[121.4225,39.4745]]],[[[122.9644,39.5154],[122.9898,39.5495],[123.04,39.5297],[123.0057,39.4973],[122.9644,39.5154]]],[[[143.8965,44.1581],[143.9758,44.1483],[143.8137,44.1684],[143.8965,44.1581]]],[[[131.2551,25.875],[131.2771,25.8584],[131.2525,25.819],[131.2121,25.829],[131.2551,25.875]]],[[[142.1932,27.0917],[142.2332,27.0943],[142.2346,27.05],[142.1986,27.0511],[142.1802,27.0781],[142.2144,27.0638],[142.1932,27.0917]]],[[[129.7149,29.6545],[129.7538,29.6454],[129.721,29.6061],[129.7149,29.6545]]],[[[129.8936,29.8747],[129.9204,29.8196],[129.8634,29.8246],[129.8328,29.8731],[129.8936,29.8747]]],[[[132.2437,33.7933],[132.273,33.7685],[132.1883,33.7797],[132.2437,33.7933]]],[[[139.2704,34.396],[139.301,34.4179],[139.2678,34.3227],[139.2704,34.396]]],[[[125.989,34.7133],[126.0054,34.6926],[125.9769,34.6564],[125.916,34.6876],[125.9767,34.7283],[125.989,34.7133]]],[[[126.0072,34.781],[126.0076,34.7597],[125.9461,34.7567],[125.93,34.7226],[125.8926,34.7366],[125.9129,34.7769],[126.0072,34.781]]],[[[126.1106,35.0512],[126.056,35.0613],[126.0691,35.1024],[126.1652,35.1435],[126.1278,35.1206],[126.1448,35.0825],[126.1106,35.0512]]],[[[133.0125,36.0148],[133.0791,35.9936],[133.0278,35.9936],[133.0125,36.0148]]],[[[126.5633,37.5144],[126.5831,37.4904],[126.4434,37.4206],[126.365,37.4423],[126.3555,37.4662],[126.4937,37.5078],[126.5148,37.5343],[126.5633,37.5144]]],[[[126.3567,37.6951],[126.3788,37.6787],[126.3701,37.6584],[126.282,37.6993],[126.32,37.7472],[126.3567,37.6951]]],[[[124.8835,38.5286],[124.904,38.4944],[124.7903,38.5174],[124.8442,38.5552],[124.8835,38.5286]]],[[[144.4483,43.9422],[144.4551,43.9422],[144.449,43.942],[144.4483,43.9422]]],[[[140.87,27.2182],[140.8679,27.234],[140.8742,27.2382],[140.87,27.2182]]],[[[127.8098,26.7354],[127.8112,26.707],[127.7586,26.7129],[127.7546,26.7286],[127.8098,26.7354]]],[[[127.9954,27.0917],[127.9758,27.0397],[127.9258,27.0098],[127.9954,27.0917]]],[[[130.2201,30.4716],[130.2622,30.435],[130.2125,30.4207],[130.1418,30.4893],[130.2201,30.4716]]],[[[141.2874,25.4177],[141.2748,25.4511],[141.2975,25.4453],[141.2874,25.4177]]],[[[131.2897,25.9514],[131.3279,25.9371],[131.3096,25.9228],[131.2897,25.9514]]],[[[127.2222,26.5989],[127.2442,26.5864],[127.2149,26.5775],[127.2222,26.5989]]],[[[128.4544,27.0475],[128.4486,27.0207],[128.3963,27.0408],[128.429,27.0665],[128.4544,27.0475]]],[[[142.1892,27.1455],[142.1909,27.1852],[142.2041,27.1739],[142.1892,27.1455]]],[[[142.1953,27.5991],[142.1795,27.6125],[142.1831,27.6195],[142.1953,27.5991]]],[[[142.0806,27.7169],[142.0823,27.7299],[142.0851,27.7261],[142.0806,27.7169]]],[[[128.2366,27.8665],[128.2415,27.8454],[128.2323,27.8529],[128.2366,27.8665]]],[[[129.5916,29.4501],[129.6081,29.4692],[129.6123,29.4433],[129.5916,29.4501]]],[[[129.5277,29.9023],[129.5545,29.8975],[129.5399,29.8899],[129.5277,29.9023]]],[[[129.9437,29.9653],[129.9006,29.9726],[129.909,29.9993],[129.9437,29.9653]]],[[[140.3076,30.4912],[140.3259,30.4852],[140.3065,30.4736],[140.3076,30.4912]]],[[[129.4282,30.8464],[129.4338,30.8445],[129.4295,30.8409],[129.4282,30.8464]]],[[[129.9463,30.8447],[129.9598,30.8287],[129.9395,30.8134],[129.904,30.8344],[129.9463,30.8447]]],[[[140.0435,31.4431],[140.0444,31.4451],[140.0457,31.4433],[140.0435,31.4431]]],[[[140.0413,31.4442],[140.0414,31.4465],[140.0431,31.4446],[140.0413,31.4442]]],[[[139.7564,32.4523],[139.7571,32.4704],[139.7738,32.441],[139.7564,32.4523]]],[[[139.2991,33.6501],[139.2962,33.6511],[139.2991,33.6507],[139.2991,33.6501]]],[[[139.6228,33.8856],[139.6229,33.8568],[139.5813,33.8625],[139.5925,33.8958],[139.6228,33.8856]]],[[[127.3091,34.0201],[127.3235,34.0058],[127.2957,34.0141],[127.28,34.0574],[127.3091,34.0201]]],[[[127.5319,34.4506],[127.4946,34.4143],[127.4534,34.4706],[127.5319,34.4506]]],[[[127.783,34.507],[127.7918,34.492],[127.7712,34.4882],[127.7075,34.5339],[127.7481,34.5511],[127.783,34.507]]],[[[126.1001,34.5967],[126.0994,34.5587],[126.0352,34.5339],[126.0545,34.5489],[126.0313,34.5564],[126.0813,34.5808],[126.0601,34.6208],[126.1001,34.5967]]],[[[126.0381,34.5695],[126.0205,34.5714],[126.0286,34.6342],[126.0604,34.5843],[126.0381,34.5695]]],[[[125.4458,34.6885],[125.3988,34.632],[125.4129,34.692],[125.4458,34.6885]]],[[[126.2464,34.9162],[126.2224,34.932],[126.2532,34.9335],[126.2464,34.9162]]],[[[126.1784,35.0485],[126.1724,35.0236],[126.1278,35.0482],[126.1784,35.0485]]],[[[128.8428,35.0219],[128.8267,34.9924],[128.8044,35.0563],[128.8364,35.0598],[128.8428,35.0219]]],[[[126.2581,35.5706],[126.259,35.5984],[126.3073,35.6166],[126.2581,35.5706]]],[[[126.0999,37.228],[126.1047,37.2675],[126.1592,37.2319],[126.1216,37.2109],[126.0999,37.228]]],[[[126.4841,37.279],[126.4983,37.2614],[126.4695,37.2335],[126.4357,37.2384],[126.4435,37.2731],[126.4841,37.279]]],[[[126.6139,37.2552],[126.6135,37.2328],[126.5393,37.1981],[126.5604,37.2393],[126.543,37.285],[126.5767,37.2877],[126.6139,37.2552]]],[[[125.6882,37.6793],[125.7062,37.6723],[125.6878,37.6518],[125.6882,37.6793]]],[[[125.3288,37.7667],[125.2957,37.7276],[125.2206,37.7038],[125.3288,37.7667]]],[[[125.1477,37.7856],[125.1414,37.7995],[125.1914,37.8155],[125.1477,37.7856]]],[[[125.0304,37.8362],[125.0418,37.8173],[124.9977,37.8084],[125.0304,37.8362]]],[[[124.7165,37.8469],[124.7142,37.8096],[124.6846,37.8],[124.6765,37.8249],[124.7165,37.8469]]],[[[120.7484,37.9387],[120.7546,37.8967],[120.7224,37.9191],[120.7271,37.9477],[120.7484,37.9387]]],[[[120.6068,37.9799],[120.6258,37.9726],[120.6229,37.9488],[120.6068,37.9799]]],[[[120.7201,37.9809],[120.7205,37.964],[120.6882,37.9853],[120.7201,37.9809]]],[[[120.7604,38.1705],[120.7733,38.1597],[120.7466,38.1619],[120.7427,38.1876],[120.7604,38.1705]]],[[[120.8065,38.2882],[120.8074,38.3049],[120.8338,38.3126],[120.8065,38.2882]]],[[[120.9142,38.3841],[120.9069,38.3926],[120.9178,38.3955],[120.9142,38.3841]]],[[[123.1807,39.0919],[123.1956,39.0521],[123.1607,39.0292],[123.1452,39.0433],[123.1647,39.0664],[123.1436,39.0809],[123.1807,39.0919]]],[[[124.6877,39.5272],[124.7078,39.5304],[124.6978,39.5026],[124.6877,39.5272]]],[[[124.687,39.5447],[124.5959,39.5379],[124.6738,39.5706],[124.6981,39.5629],[124.687,39.5447]]],[[[139.3364,41.5185],[139.3818,41.5136],[139.3456,41.4934],[139.3364,41.5185]]],[[[119.551,25.2095],[119.5676,25.2049],[119.529,25.1654],[119.5127,25.1988],[119.4612,25.2033],[119.4447,25.2291],[119.4704,25.2522],[119.551,25.2095]]],[[[119.3465,25.5667],[119.335,25.438],[119.2969,25.4229],[119.2815,25.4829],[119.3075,25.5468],[119.3465,25.5667]]],[[[119.627,26.1079],[119.6441,26.0784],[119.6204,26.0642],[119.554,26.0956],[119.5994,26.1281],[119.627,26.1079]]],[[[127.3696,26.2146],[127.3535,26.154],[127.3462,26.2064],[127.3696,26.2146]]],[[[120.3268,26.9397],[120.3222,26.9621],[120.3449,26.972],[120.3857,26.9352],[120.3268,26.9397]]],[[[121.074,27.4795],[121.1034,27.4519],[121.0665,27.455],[121.0673,27.4368],[121.0461,27.4652],[121.074,27.4795]]],[[[142.1052,27.727],[142.1117,27.7259],[142.1072,27.7167],[142.1052,27.727]]],[[[121.1817,27.8647],[121.1712,27.8188],[121.098,27.8178],[121.114,27.8441],[121.1817,27.8647]]],[[[121.0493,27.9509],[121.0702,27.9829],[121.1397,27.9658],[121.0493,27.9509]]],[[[121.8622,29.1296],[121.8421,29.095],[121.7827,29.1247],[121.7898,29.1498],[121.8622,29.1296]]],[[[122.3047,29.8175],[122.3084,29.7763],[122.2317,29.8362],[122.2712,29.8468],[122.3047,29.8175]]],[[[121.9722,29.9448],[121.9924,29.9083],[121.9461,29.904],[121.9409,29.9377],[121.9722,29.9448]]],[[[122.3457,30.2419],[122.2776,30.2355],[122.324,30.2722],[122.4077,30.2659],[122.4085,30.244],[122.3806,30.2637],[122.3457,30.2419]]],[[[122.5293,30.7208],[122.5248,30.7018],[122.4273,30.7039],[122.4299,30.7431],[122.4729,30.7172],[122.5293,30.7208]]],[[[129.9334,31.8678],[129.9292,31.8267],[129.8899,31.8107],[129.8591,31.8237],[129.8504,31.8574],[129.8206,31.8455],[129.845,31.8806],[129.9099,31.8457],[129.9334,31.8678]]],[[[130.2439,32.3018],[130.263,32.2813],[130.2107,32.2554],[130.2439,32.3018]]],[[[130.4468,32.5968],[130.4276,32.5373],[130.3988,32.5932],[130.4365,32.6207],[130.4468,32.5968]]],[[[132.562,32.7421],[132.5708,32.7173],[132.5497,32.7043],[132.5399,32.7338],[132.562,32.7421]]],[[[128.8998,32.8183],[128.8823,32.7653],[128.8401,32.7776],[128.8373,32.8338],[128.8739,32.7987],[128.863,32.8353],[128.8998,32.8183]]],[[[128.9531,32.8742],[128.9451,32.8043],[128.8807,32.8626],[128.9295,32.8498],[128.9531,32.8742]]],[[[129.1355,33.2999],[129.1496,33.269],[129.1273,33.2475],[129.075,33.2599],[129.1355,33.2999]]],[[[129.5559,33.494],[129.5764,33.4883],[129.5032,33.4737],[129.5418,33.5073],[129.5559,33.494]]],[[[132.6414,34.0141],[132.6345,33.9648],[132.5891,33.9564],[132.6414,34.0141]]],[[[125.1277,34.0486],[125.0921,34.0718],[125.1022,34.0959],[125.1277,34.0486]]],[[[126.599,34.1686],[126.6135,34.1525],[126.5369,34.1265],[126.5071,34.1389],[126.5329,34.1791],[126.599,34.1686]]],[[[133.0935,34.1743],[133.0452,34.1184],[133.0171,34.1188],[133.0331,34.1894],[133.0935,34.1743]]],[[[126.672,34.1533],[126.6654,34.1191],[126.6387,34.1281],[126.6453,34.1972],[126.6707,34.1899],[126.672,34.1533]]],[[[132.7385,34.197],[132.7614,34.1772],[132.74,34.1599],[132.689,34.1899],[132.7385,34.197]]],[[[126.9094,34.1977],[126.9136,34.1577],[126.8532,34.159],[126.8679,34.2075],[126.9094,34.1977]]],[[[126.6122,34.2182],[126.5838,34.1756],[126.5498,34.1912],[126.5597,34.2345],[126.6122,34.2182]]],[[[132.9212,34.2773],[132.9168,34.2219],[132.8499,34.2152],[132.8464,34.2402],[132.9212,34.2773]]],[[[132.3384,34.3044],[132.3255,34.2647],[132.2679,34.2445],[132.2988,34.2922],[132.3384,34.3044]]],[[[126.0887,34.3079],[126.0693,34.279],[126.0217,34.2956],[126.0332,34.3149],[126.0887,34.3079]]],[[[126.8539,34.3085],[126.7576,34.3361],[126.8933,34.3413],[126.8539,34.3085]]],[[[127.0916,34.3449],[127.0388,34.3129],[127.0456,34.3354],[126.9915,34.3563],[127.0254,34.3813],[127.0916,34.3449]]],[[[133.7157,34.3961],[133.7258,34.3714],[133.7031,34.3518],[133.6919,34.3784],[133.7157,34.3961]]],[[[126.7625,34.383],[126.7825,34.4267],[126.823,34.4398],[126.8611,34.3928],[126.8247,34.3952],[126.7757,34.3547],[126.7625,34.383]]],[[[135.2052,34.4305],[135.241,34.4546],[135.2571,34.4358],[135.2244,34.4163],[135.2052,34.4305]]],[[[134.049,34.4744],[134.072,34.4985],[134.1045,34.4903],[134.084,34.4598],[134.049,34.4744]]],[[[136.892,34.4967],[136.909,34.5024],[136.8832,34.4754],[136.8726,34.4911],[136.892,34.4967]]],[[[136.8902,34.5312],[136.9101,34.5401],[136.8491,34.515],[136.8902,34.5312]]],[[[128.2946,34.6396],[128.2363,34.6105],[128.2253,34.6328],[128.2395,34.6524],[128.2946,34.6396]]],[[[128.3858,34.8201],[128.438,34.8196],[128.4231,34.7633],[128.332,34.8257],[128.3858,34.8201]]],[[[128.2399,34.8362],[128.2605,34.8146],[128.2385,34.7969],[128.2058,34.8156],[128.2399,34.8362]]],[[[136.7981,34.8764],[136.8235,34.862],[136.815,34.8399],[136.7981,34.8764]]],[[[126.3407,34.8641],[126.3617,34.8374],[126.3421,34.8225],[126.3062,34.8559],[126.2307,34.8546],[126.2927,34.8807],[126.2974,34.9175],[126.3452,34.8962],[126.3181,34.8765],[126.3407,34.8641]]],[[[126.2342,35.0471],[126.1587,35.0942],[126.236,35.0984],[126.2185,35.0766],[126.2551,35.0564],[126.2611,35.0246],[126.2342,35.0471]]],[[[137.0481,37.1523],[137.0387,37.1201],[136.9473,37.097],[136.9053,37.1436],[137.0481,37.1523]]],[[[124.596,39.4302],[124.6126,39.4571],[124.6191,39.433],[124.596,39.4302]]],[[[124.2147,39.8072],[124.23,39.8212],[124.2428,39.8046],[124.2147,39.8072]]],[[[132.4499,42.8281],[132.4756,42.8002],[132.4015,42.832],[132.4275,42.8959],[132.4499,42.8281]]],[[[123.6063,25.739],[123.6004,25.7394],[123.6028,25.7455],[123.6063,25.739]]],[[[123.5942,25.7528],[123.593,25.7444],[123.5886,25.7515],[123.5942,25.7528]]],[[[123.5599,25.7568],[123.5582,25.7543],[123.5556,25.7576],[123.5599,25.7568]]],[[[123.5453,25.7618],[123.5115,25.7581],[123.5314,25.7733],[123.5453,25.7618]]],[[[123.6205,25.7745],[123.6205,25.7736],[123.618,25.7745],[123.6205,25.7745]]],[[[123.5953,25.8019],[123.5955,25.7973],[123.5924,25.7974],[123.5953,25.8019]]],[[[124.5689,25.8962],[124.5653,25.8957],[124.5668,25.8984],[124.5689,25.8962]]],[[[123.673,25.9287],[123.672,25.9275],[123.6717,25.9298],[123.673,25.9287]]],[[[123.6759,25.9182],[123.6792,25.9308],[123.6858,25.9228],[123.6759,25.9182]]]]}},{"type":"Feature","properties":{},"geometry":{"type":"MultiPolygon","coordinates":[[[[129.7832,31.7996],[129.7996,31.7454],[129.7293,31.6442],[129.696,31.6214],[129.6594,31.6419],[129.7832,31.7996]]],[[[124.9267,39.6048],[124.9097,39.5936],[124.9336,39.5505],[124.8186,39.4954],[124.857,39.5279],[124.8428,39.5384],[124.8805,39.6125],[124.9267,39.6048]]],[[[142.1932,26.6461],[142.1802,26.6188],[142.1599,26.632],[142.1113,26.7212],[142.1659,26.7013],[142.1556,26.6791],[142.1932,26.6461]]],[[[129.2966,28.1196],[129.3255,28.1235],[129.3504,28.0865],[129.3008,28.1005],[129.2791,28.0771],[129.2214,28.0991],[129.1808,28.1903],[129.2693,28.1749],[129.2518,28.1438],[129.2966,28.1196]]],[[[122.1432,29.7334],[122.1869,29.6734],[122.1629,29.6545],[122.1698,29.675],[122.1275,29.669],[122.0928,29.7258],[122.0329,29.7309],[122.0682,29.7795],[122.1074,29.7896],[122.1432,29.7334]]],[[[122.3952,29.8836],[122.3952,29.8333],[122.3571,29.8617],[122.3674,29.8959],[122.3252,29.9279],[122.3255,29.9539],[122.4067,29.9527],[122.3952,29.8836]]],[[[139.791,33.1353],[139.8775,33.0876],[139.8358,33.0398],[139.7876,33.0584],[139.7398,33.1332],[139.7678,33.1499],[139.791,33.1353]]],[[[132.5552,34.0714],[132.4553,34.0881],[132.51,34.1318],[132.4968,34.157],[132.5193,34.1744],[132.5515,34.1706],[132.5515,34.1086],[132.5776,34.1189],[132.5552,34.0714]]],[[[127.7821,34.6846],[127.8172,34.6308],[127.7979,34.5797],[127.7359,34.6252],[127.7683,34.6661],[127.7625,34.7128],[127.7966,34.7142],[127.7821,34.6846]]],[[[139.4182,34.7808],[139.45,34.7568],[139.4538,34.6789],[139.3512,34.72],[139.3565,34.7972],[139.4182,34.7808]]],[[[128.7485,34.869],[128.7206,34.8423],[128.7417,34.7907],[128.6864,34.8081],[128.6572,34.757],[128.6939,34.7362],[128.584,34.7051],[128.6182,34.7256],[128.6045,34.7665],[128.5735,34.7535],[128.5604,34.7818],[128.5916,34.7912],[128.6045,34.8354],[128.5288,34.8081],[128.4885,34.869],[128.5737,34.9101],[128.6455,34.8907],[128.6106,34.9549],[128.6939,34.9863],[128.6819,35.0046],[128.7029,35.0329],[128.7249,35.0189],[128.7344,34.9355],[128.7144,34.8764],[128.7443,34.8878],[128.7485,34.869]]],[[[130.9036,37.5458],[130.9194,37.5102],[130.8967,37.4631],[130.8522,37.4595],[130.811,37.487],[130.8143,37.5226],[130.9036,37.5458]]],[[[124.7327,37.9805],[124.7282,37.947],[124.678,37.9525],[124.7053,37.9327],[124.6849,37.92],[124.6136,37.9451],[124.624,37.9805],[124.7327,37.9805]]],[[[126.7639,34.3092],[126.7681,34.2892],[126.689,34.3011],[126.6956,34.3208],[126.6449,34.3371],[126.6458,34.3856],[126.71,34.3929],[126.7639,34.3092]]],[[[118.6327,39.0746],[118.6487,39.0447],[118.5943,38.9722],[118.5143,38.9194],[118.4803,38.9348],[118.4785,39.0429],[118.5264,39.0467],[118.5597,39.0031],[118.6287,39.0486],[118.6146,39.0676],[118.6327,39.0746]]]]}},{"type":"Feature","properties":{},"geometry":{"type":"MultiPolygon","coordinates":[[[[128.3377,26.7969],[128.3081,26.7009],[128.2433,26.6333],[128.1589,26.6188],[128.1384,26.554],[128.0559,26.5505],[127.9473,26.4512],[127.8517,26.4412],[127.8389,26.4252],[127.9199,26.3096],[127.8283,26.3162],[127.771,26.2165],[127.7754,26.1851],[127.8236,26.1868],[127.7969,26.1397],[127.7254,26.0896],[127.6517,26.0844],[127.6382,26.2147],[127.6777,26.2306],[127.7419,26.3205],[127.7225,26.4299],[127.8052,26.4476],[127.8306,26.4884],[127.9375,26.5321],[127.9602,26.5641],[127.9559,26.5948],[127.8856,26.6202],[127.8783,26.6945],[127.9873,26.6929],[127.9956,26.6392],[128.0574,26.6448],[128.1111,26.674],[128.1113,26.7034],[128.2259,26.801],[128.2551,26.8863],[128.3377,26.7969]]],[[[129.7075,28.4621],[129.716,28.4291],[129.6193,28.4008],[129.4989,28.2875],[129.4474,28.2909],[129.4202,28.2499],[129.4679,28.2158],[129.4015,28.1633],[129.3518,28.1605],[129.376,28.1196],[129.2866,28.1779],[129.2693,28.2294],[129.2424,28.2143],[129.1458,28.2499],[129.2708,28.2554],[129.2904,28.2841],[129.2277,28.3046],[129.2639,28.3288],[129.4509,28.392],[129.4754,28.4213],[129.5164,28.3933],[129.5335,28.4305],[129.6262,28.4827],[129.6165,28.4385],[129.6441,28.4398],[129.6731,28.5098],[129.7075,28.4621]]],[[[121.8441,31.6079],[121.9801,31.5403],[121.9779,31.4778],[121.8514,31.4392],[121.5715,31.5294],[121.3145,31.6556],[121.2859,31.704],[121.1763,31.7843],[121.2193,31.8295],[121.3226,31.8293],[121.4753,31.7708],[121.6632,31.6524],[121.8441,31.6079]]],[[[126.9461,33.478],[126.9392,33.4309],[126.8406,33.3102],[126.6069,33.2406],[126.3334,33.2382],[126.27,33.1976],[126.1714,33.2694],[126.1611,33.3008],[126.1958,33.3667],[126.3106,33.4645],[126.4849,33.5208],[126.7924,33.5638],[126.8982,33.519],[126.9324,33.4649],[126.9461,33.478]]],[[[138.4592,38.0699],[138.5752,38.0743],[138.5752,38.0351],[138.5005,37.9067],[138.3704,37.8288],[138.2227,37.8022],[138.2155,37.8303],[138.2832,37.8483],[138.2879,37.906],[138.3425,37.9669],[138.3148,37.9975],[138.2479,37.9785],[138.2422,38.0715],[138.3101,38.1681],[138.4694,38.3132],[138.5142,38.3231],[138.4432,38.0519],[138.4592,38.0699]]]]}},{"type":"Feature","properties":{},"geometry":{"type":"MultiPolygon","coordinates":[[[[121.0051,25],[121.0593,25.0502],[121.2109,25.1112],[121.3874,25.1593],[121.4432,25.1364],[121.3991,25.1921],[121.4613,25.2619],[121.5397,25.2874],[121.5979,25.2714],[121.6497,25.1971],[121.6844,25.2005],[121.6764,25.1794],[121.7039,25.1569],[121.9051,25.1066],[121.9192,25.022],[122.0054,25.0019],[121.0051,25]]]]}},{"type":"Feature","properties":{},"geometry":{"type":"MultiPolygon","coordinates":[[[[119.1159,25.0363],[119.1091,25.0806],[119.1541,25.1027],[119.1159,25.0363]]],[[[122.0705,25.6355],[122.0798,25.6303],[122.0719,25.6254],[122.0705,25.6355]]],[[[119.683,25.6381],[119.6699,25.6526],[119.7171,25.6639],[119.7145,25.6402],[119.683,25.6381]]],[[[119.5962,25.6684],[119.5969,25.6463],[119.5634,25.637],[119.5962,25.6684]]],[[[119.9853,25.9649],[119.9666,25.9474],[119.9758,25.9667],[119.9853,25.9649]]],[[[119.9286,25.9767],[119.9524,25.9761],[119.9373,25.9649],[119.9286,25.9767]]],[[[119.933,26.1598],[119.964,26.1669],[119.9167,26.1448],[119.9196,26.1693],[119.933,26.1598]]],[[[119.971,26.1924],[119.9688,26.2201],[120.0142,26.2204],[119.971,26.1924]]],[[[127.9408,26.262],[127.9395,26.2395],[127.9326,26.2506],[127.9408,26.262]]],[[[127.9887,26.3748],[127.9891,26.3585],[127.9677,26.3597],[127.9887,26.3748]]],[[[120.4814,26.3679],[120.4911,26.3887],[120.5077,26.3759],[120.4814,26.3679]]],[[[120.0289,26.5027],[120.0619,26.5244],[120.0608,26.501],[120.0289,26.5027]]],[[[120.1286,26.5561],[120.1164,26.5697],[120.1616,26.6022],[120.1286,26.5561]]],[[[119.7731,26.6062],[119.7702,26.627],[119.8136,26.6236],[119.7731,26.6062]]],[[[119.6699,26.64],[119.6576,26.6681],[119.7564,26.6749],[119.7155,26.6417],[119.6699,26.64]]],[[[119.9236,26.6791],[119.9059,26.6924],[119.9441,26.6954],[119.9424,26.6631],[119.9236,26.6791]]],[[[120.312,26.9311],[120.2854,26.934],[120.3027,26.9418],[120.312,26.9311]]],[[[127.9459,26.9516],[127.9482,26.9113],[127.9181,26.9252],[127.9459,26.9516]]],[[[142.1947,27.1151],[142.1931,27.1356],[142.2297,27.1083],[142.1947,27.1151]]],[[[142.2118,27.4947],[142.2131,27.4846],[142.2088,27.4978],[142.2118,27.4947]]],[[[142.1388,27.6676],[142.1253,27.6809],[142.1419,27.6797],[142.1388,27.6676]]],[[[121.0324,27.8702],[121.0837,27.8657],[121.015,27.8398],[121.0324,27.8702]]],[[[129.2579,28.0359],[129.26,28.0063],[129.2074,28.0316],[129.2159,28.0515],[129.2579,28.0359]]],[[[129.1513,28.0484],[129.1716,28.0635],[129.1505,28.015],[129.1513,28.0484]]],[[[121.6253,28.5231],[121.6136,28.5017],[121.5954,28.5138],[121.6077,28.5418],[121.6253,28.5231]]],[[[129.2196,29.1267],[129.1956,29.1588],[129.2205,29.1571],[129.2196,29.1267]]],[[[122.2643,29.694],[122.2403,29.687],[122.2046,29.7191],[122.2643,29.694]]],[[[122.3051,29.7402],[122.2573,29.737],[122.2159,29.7758],[122.2401,29.7864],[122.2472,29.7604],[122.3051,29.7402]]],[[[121.9685,29.7946],[122.0302,29.8161],[121.9938,29.7692],[121.9685,29.7946]]],[[[122.343,29.8796],[122.2844,29.8631],[122.2923,29.883],[122.343,29.8796]]],[[[122.052,29.9625],[122.0383,29.9345],[122.0267,29.9437],[122.052,29.9625]]],[[[122.1615,29.9899],[122.1765,29.9601],[122.1348,29.9747],[122.1615,29.9899]]],[[[122.3953,30.0024],[122.3919,29.9745],[122.372,29.9817],[122.3791,30.0264],[122.4022,30.0325],[122.4137,30.0061],[122.3953,30.0024]]],[[[121.9146,30.0886],[121.931,30.1147],[121.9564,30.1085],[121.9317,30.0694],[121.9146,30.0886]]],[[[122.7564,30.1442],[122.7814,30.1324],[122.7633,30.1277],[122.7564,30.1442]]],[[[122.201,30.183],[122.1624,30.144],[122.1471,30.1575],[122.1449,30.1887],[122.169,30.2021],[122.201,30.183]]],[[[122.0178,30.1855],[122.0566,30.1923],[122.0236,30.1658],[122.0178,30.1855]]],[[[122.6699,30.2035],[122.6847,30.2036],[122.6848,30.1819],[122.6699,30.2035]]],[[[122.6486,30.1959],[122.648,30.1862],[122.6323,30.2106],[122.6486,30.1959]]],[[[121.9578,30.2987],[121.9611,30.3313],[121.9824,30.3448],[121.9578,30.2987]]],[[[122.2682,30.5168],[122.2525,30.5163],[122.2645,30.5298],[122.2682,30.5168]]],[[[122.0594,30.5872],[122.0879,30.5967],[122.0719,30.5755],[122.0594,30.5872]]],[[[122.5428,30.6549],[122.5569,30.681],[122.5822,30.6632],[122.5428,30.6549]]],[[[122.7855,30.7311],[122.7839,30.7009],[122.7516,30.7075],[122.7855,30.7311]]],[[[130.8578,30.7665],[130.8547,30.7256],[130.8381,30.7275],[130.8578,30.7665]]],[[[130.3088,30.8041],[130.3107,30.7804],[130.259,30.7816],[130.3088,30.8041]]],[[[130.4004,30.8116],[130.4261,30.819],[130.4466,30.8043],[130.4004,30.8116]]],[[[122.6761,30.844],[122.6699,30.8592],[122.6985,30.8538],[122.6761,30.844]]],[[[129.4537,31.1997],[129.4518,31.1807],[129.4369,31.1741],[129.4537,31.1997]]],[[[130.1589,31.3562],[130.1694,31.361],[130.162,31.3498],[130.1589,31.3562]]],[[[131.4138,31.5399],[131.4177,31.5111],[131.4054,31.5235],[131.4138,31.5399]]],[[[129.8165,31.7803],[129.8428,31.8148],[129.8299,31.7733],[129.8165,31.7803]]],[[[128.35,32.008],[128.3547,31.9893],[128.346,31.9862],[128.35,32.008]]],[[[128.3975,32.0416],[128.3837,32.0438],[128.4139,32.0544],[128.3975,32.0416]]],[[[120.6017,32.0318],[120.5688,32.0581],[120.6314,32.0361],[120.6017,32.0318]]],[[[130.0225,32.1606],[130.029,32.1911],[130.0443,32.1564],[130.0225,32.1606]]],[[[130.209,32.2199],[130.2038,32.2031],[130.192,32.2432],[130.209,32.2199]]],[[[130.1798,32.2608],[130.1676,32.2268],[130.1575,32.2387],[130.1798,32.2608]]],[[[130.3695,32.3481],[130.3313,32.3055],[130.3012,32.3059],[130.3695,32.3481]]],[[[130.3126,32.3408],[130.299,32.356],[130.3159,32.3691],[130.3404,32.3523],[130.3126,32.3408]]],[[[130.4162,32.3962],[130.4317,32.3786],[130.4205,32.3669],[130.4162,32.3962]]],[[[129.7817,32.567],[129.79,32.5587],[129.7752,32.5462],[129.7817,32.567]]],[[[128.8901,32.5647],[128.9036,32.5725],[128.9032,32.56],[128.8901,32.5647]]],[[[130.4618,32.5623],[130.4749,32.5851],[130.4626,32.5417],[130.4618,32.5623]]],[[[128.8255,32.6016],[128.8412,32.6002],[128.839,32.595],[128.8255,32.6016]]],[[[130.4785,32.595],[130.5101,32.6069],[130.4872,32.5756],[130.4785,32.595]]],[[[129.7441,32.661],[129.7568,32.6628],[129.7564,32.6517],[129.7441,32.661]]],[[[131.8247,32.6695],[131.8376,32.6687],[131.8131,32.6556],[131.8247,32.6695]]],[[[129.7682,32.7048],[129.7603,32.7157],[129.7853,32.6919],[129.7682,32.7048]]],[[[131.9256,32.7285],[131.9284,32.7139],[131.9222,32.7174],[131.9256,32.7285]]],[[[128.6026,32.74],[128.5978,32.7095],[128.5897,32.7201],[128.6026,32.74]]],[[[132.4872,32.74],[132.4942,32.7407],[132.488,32.7332],[132.4872,32.74]]],[[[131.9253,32.7716],[131.9111,32.7699],[131.912,32.7779],[131.9253,32.7716]]],[[[129.0046,32.7621],[128.9652,32.745],[128.9915,32.7917],[129.0046,32.7621]]],[[[132.4823,32.7954],[132.4861,32.8054],[132.4998,32.8035],[132.4823,32.7954]]],[[[128.6739,32.8044],[128.6817,32.8089],[128.677,32.8017],[128.6739,32.8044]]],[[[129.5993,32.8886],[129.6021,32.8809],[129.5928,32.8783],[129.5993,32.8886]]],[[[129.1842,32.9208],[129.1945,32.9243],[129.1879,32.9163],[129.1842,32.9208]]],[[[128.9486,32.9044],[128.9351,32.9242],[128.9521,32.9169],[128.9486,32.9044]]],[[[129.6252,32.9381],[129.6163,32.9163],[129.5922,32.9407],[129.6252,32.9381]]],[[[132.4386,32.9429],[132.4559,32.9502],[132.4598,32.9446],[132.4386,32.9429]]],[[[132.0801,32.9671],[132.0719,32.9512],[132.0633,32.9609],[132.0801,32.9671]]],[[[131.9198,32.9814],[131.9441,33.0155],[131.9472,32.9942],[131.9198,32.9814]]],[[[129.1898,33.0073],[129.1773,33.0161],[129.1899,33.0198],[129.1898,33.0073]]],[[[129.3521,33.0004],[129.3373,33.0091],[129.3536,33.0219],[129.3521,33.0004]]],[[[129.2349,32.9984],[129.2319,33.0129],[129.2595,33.0185],[129.2349,32.9984]]],[[[129.5866,33.0157],[129.5358,33.0082],[129.635,33.0624],[129.5866,33.0157]]],[[[132.3203,33.1013],[132.3172,33.1081],[132.3327,33.11],[132.3203,33.1013]]],[[[132.0147,33.105],[132.0029,33.0985],[132.0083,33.1113],[132.0147,33.105]]],[[[132.409,33.1046],[132.4154,33.1133],[132.4214,33.1116],[132.409,33.1046]]],[[[139.681,33.1374],[139.6979,33.1163],[139.6799,33.1231],[139.681,33.1374]]],[[[129.6799,33.1349],[129.6725,33.1431],[129.6808,33.1415],[129.6799,33.1349]]],[[[129.5481,33.1349],[129.5033,33.1401],[129.5423,33.1524],[129.5481,33.1349]]],[[[131.9832,33.163],[131.9819,33.1686],[131.9894,33.1731],[131.9832,33.163]]],[[[128.9032,33.1661],[128.8985,33.1658],[128.8994,33.1735],[128.9032,33.1661]]],[[[132.3116,33.148],[132.2619,33.176],[132.2905,33.1781],[132.3116,33.148]]],[[[129.5789,33.1798],[129.5928,33.1929],[129.5822,33.1611],[129.5789,33.1798]]],[[[129.123,33.1617],[129.1197,33.2128],[129.1435,33.1898],[129.123,33.1617]]],[[[129.0265,33.2069],[129.0143,33.1997],[129.0146,33.2115],[129.0265,33.2069]]],[[[129.0939,33.2084],[129.0912,33.1885],[129.0512,33.1828],[129.0291,33.1996],[129.049,33.2194],[129.0939,33.2084]]],[[[132.3757,33.2214],[132.3595,33.1872],[132.3417,33.2046],[132.3757,33.2214]]],[[[132.4679,33.2751],[132.4775,33.2679],[132.4704,33.2558],[132.4679,33.2751]]],[[[131.9491,33.272],[131.9383,33.2807],[131.9583,33.2808],[131.9491,33.272]]],[[[132.3511,33.3785],[132.362,33.3712],[132.3439,33.3765],[132.3511,33.3785]]],[[[132.3382,33.388],[132.3442,33.3959],[132.3416,33.3804],[132.3382,33.388]]],[[[129.6831,33.4178],[129.6818,33.4252],[129.6856,33.4078],[129.6831,33.4178]]],[[[129.4315,33.4139],[129.4336,33.3567],[129.4097,33.3526],[129.4312,33.4407],[129.4315,33.4139]]],[[[129.5215,33.434],[129.506,33.4252],[129.5264,33.4536],[129.5449,33.4422],[129.5215,33.434]]],[[[129.7269,33.4604],[129.7272,33.4501],[129.7154,33.4639],[129.7269,33.4604]]],[[[129.7816,33.4374],[129.7383,33.407],[129.7208,33.4175],[129.7529,33.471],[129.7816,33.4374]]],[[[135.8368,33.4766],[135.8587,33.4717],[135.8296,33.4508],[135.7994,33.4638],[135.8368,33.4766]]],[[[126.9594,33.5194],[126.9636,33.496],[126.9448,33.4938],[126.9594,33.5194]]],[[[129.9666,33.5388],[129.9771,33.5442],[129.9683,33.5261],[129.9666,33.5388]]],[[[129.8766,33.5442],[129.8835,33.5659],[129.8899,33.5535],[129.8766,33.5442]]],[[[129.751,33.5672],[129.741,33.5812],[129.7702,33.5722],[129.751,33.5672]]],[[[129.8581,33.5878],[129.8482,33.6046],[129.8627,33.6183],[129.8581,33.5878]]],[[[130.3132,33.6205],[130.2933,33.613],[130.3014,33.6382],[130.3132,33.6205]]],[[[132.4924,33.7365],[132.4754,33.7323],[132.4823,33.7397],[132.4924,33.7365]]],[[[131.6749,33.7383],[131.6693,33.7185],[131.6331,33.719],[131.6749,33.7383]]],[[[129.6339,33.7346],[129.6268,33.7424],[129.6371,33.7467],[129.6339,33.7346]]],[[[132.1519,33.7462],[132.1322,33.7123],[132.1489,33.763],[132.1519,33.7462]]],[[[130.3661,33.7588],[130.36,33.7678],[130.3797,33.758],[130.3661,33.7588]]],[[[131.9582,33.7694],[131.9632,33.7917],[131.9883,33.7869],[131.9582,33.7694]]],[[[132.5212,33.8515],[132.5346,33.8485],[132.5321,33.8419],[132.5212,33.8515]]],[[[134.8123,33.8402],[134.8062,33.8519],[134.8202,33.8567],[134.8123,33.8402]]],[[[132.0199,33.8604],[132.0218,33.848],[131.9995,33.8577],[132.0199,33.8604]]],[[[132.0702,33.8674],[132.0566,33.8773],[132.0627,33.8823],[132.0702,33.8674]]],[[[130.495,33.8996],[130.4865,33.9142],[130.5071,33.8949],[130.495,33.8996]]],[[[130.4374,33.8987],[130.4075,33.9088],[130.4421,33.9134],[130.4374,33.8987]]],[[[132.6898,33.926],[132.6882,33.874],[132.6673,33.8694],[132.653,33.8968],[132.6898,33.926]]],[[[132.5553,33.9357],[132.529,33.926],[132.5162,33.9304],[132.5553,33.9357]]],[[[126.3243,33.9534],[126.3425,33.9567],[126.3218,33.9298],[126.3026,33.9538],[126.3243,33.9534]]],[[[132.3553,33.9394],[132.338,33.9482],[132.3433,33.9586],[132.3553,33.9394]]],[[[132.6654,33.9559],[132.6517,33.9553],[132.662,33.9746],[132.6654,33.9559]]],[[[130.861,33.969],[130.8647,33.9827],[130.8679,33.978],[130.861,33.969]]],[[[131.8689,33.9819],[131.836,33.9335],[131.8062,33.9407],[131.8689,33.9819]]],[[[126.9186,33.9906],[126.9352,33.9741],[126.9124,33.9709],[126.9186,33.9906]]],[[[132.5182,33.9829],[132.4946,33.9647],[132.5002,33.9848],[132.5182,33.9829]]],[[[132.5358,33.9802],[132.565,33.9897],[132.5396,33.9609],[132.5358,33.9802]]],[[[130.714,34.0068],[130.7171,33.9978],[130.7107,33.9989],[130.714,34.0068]]],[[[133.36,33.991],[133.3495,34.0001],[133.3676,34.0076],[133.36,33.991]]],[[[132.2713,33.9959],[132.2609,34.0015],[132.2637,34.0113],[132.2713,33.9959]]],[[[132.4187,34.0257],[132.4256,34.0113],[132.4018,34.0223],[132.4187,34.0257]]],[[[131.7105,34.0048],[131.7335,33.9878],[131.6914,34.0079],[131.7126,34.0344],[131.7105,34.0048]]],[[[131.7609,34.0478],[131.7448,34.0257],[131.7249,34.0336],[131.7609,34.0478]]],[[[127.3338,34.0395],[127.3187,34.0373],[127.3084,34.0604],[127.3338,34.0395]]],[[[132.5321,34.0475],[132.5235,34.0572],[132.5335,34.0734],[132.5321,34.0475]]],[[[126.5949,34.1153],[126.6034,34.0973],[126.5816,34.1017],[126.5949,34.1153]]],[[[130.7843,34.1006],[130.7749,34.1166],[130.7961,34.1091],[130.7843,34.1006]]],[[[133.5317,34.137],[133.5427,34.1303],[133.5318,34.1235],[133.5317,34.137]]],[[[132.4105,34.1711],[132.3875,34.1503],[132.3822,34.1724],[132.4105,34.1711]]],[[[134.8173,34.1555],[134.822,34.1796],[134.8292,34.1733],[134.8173,34.1555]]],[[[133.321,34.1814],[133.3151,34.1714],[133.3064,34.1823],[133.321,34.1814]]],[[[132.7705,34.1678],[132.7804,34.1879],[132.7999,34.1733],[132.7705,34.1678]]],[[[132.8537,34.1886],[132.8421,34.159],[132.8029,34.1597],[132.8537,34.1886]]],[[[132.3049,34.1839],[132.2942,34.1965],[132.3185,34.1907],[132.3049,34.1839]]],[[[133.2726,34.1973],[133.2715,34.1833],[133.2634,34.1959],[133.2726,34.1973]]],[[[132.6552,34.1743],[132.6716,34.2035],[132.6826,34.187],[132.6552,34.1743]]],[[[126.7637,34.2121],[126.7591,34.177],[126.7473,34.1894],[126.7637,34.2121]]],[[[133.1234,34.2186],[133.1153,34.1937],[133.0539,34.2113],[133.0632,34.2349],[133.1024,34.2394],[133.1234,34.2186]]],[[[139.1691,34.2289],[139.1737,34.2116],[139.1213,34.189],[139.1358,34.2366],[139.1691,34.2289]]],[[[125.9282,34.235],[125.9369,34.2474],[125.9553,34.2414],[125.9282,34.235]]],[[[133.1605,34.2477],[133.1675,34.2356],[133.1513,34.2337],[133.1605,34.2477]]],[[[130.1047,34.2387],[130.1078,34.2496],[130.1136,34.246],[130.1047,34.2387]]],[[[127.2561,34.2216],[127.2224,34.2111],[127.2537,34.2505],[127.2561,34.2216]]],[[[126.6122,34.2512],[126.626,34.2393],[126.5985,34.2331],[126.6122,34.2512]]],[[[126.0633,34.2518],[126.0561,34.2267],[126.0231,34.2362],[126.0633,34.2518]]],[[[125.925,34.2588],[125.9238,34.2437],[125.899,34.2462],[125.925,34.2588]]],[[[127.526,34.2681],[127.5384,34.27],[127.5381,34.2634],[127.526,34.2681]]],[[[126.5486,34.2823],[126.5707,34.2808],[126.5389,34.2757],[126.5486,34.2823]]],[[[133.6358,34.2736],[133.6567,34.2811],[133.6215,34.2555],[133.6237,34.2864],[133.6358,34.2736]]],[[[133.2192,34.2882],[133.2317,34.2722],[133.2026,34.2428],[133.2192,34.2882]]],[[[135.0178,34.2898],[135.012,34.2748],[135.0023,34.277],[135.0178,34.2898]]],[[[127.3954,34.2812],[127.3866,34.2941],[127.4006,34.2946],[127.3954,34.2812]]],[[[127.3664,34.2866],[127.3491,34.268],[127.3516,34.296],[127.3664,34.2866]]],[[[135.0346,34.2932],[135.0587,34.2978],[135.0417,34.291],[135.0346,34.2932]]],[[[129.3763,34.301],[129.3886,34.2913],[129.3601,34.27],[129.3536,34.2937],[129.3763,34.301]]],[[[133.6825,34.3148],[133.6756,34.3041],[133.6619,34.3253],[133.6825,34.3148]]],[[[132.4417,34.3027],[132.4172,34.3043],[132.4388,34.3262],[132.4417,34.3027]]],[[[139.2103,34.3367],[139.2238,34.3244],[139.1976,34.3166],[139.2103,34.3367]]],[[[127.0028,34.3371],[126.9891,34.3076],[126.956,34.3166],[127.0028,34.3371]]],[[[126.0145,34.3397],[126.0579,34.3204],[125.9914,34.3376],[126.0145,34.3397]]],[[[126.466,34.3464],[126.476,34.3427],[126.4745,34.3334],[126.466,34.3464]]],[[[133.4416,34.3502],[133.4546,34.3371],[133.4271,34.3466],[133.4416,34.3502]]],[[[133.5804,34.3499],[133.5675,34.3552],[133.5885,34.3623],[133.5804,34.3499]]],[[[130.8731,34.3706],[130.8473,34.3421],[130.8373,34.3536],[130.8731,34.3706]]],[[[133.5394,34.3683],[133.5166,34.3873],[133.5558,34.3959],[133.5595,34.371],[133.5394,34.3683]]],[[[125.3045,34.3938],[125.2966,34.3801],[125.2838,34.3984],[125.3045,34.3938]]],[[[133.7838,34.3815],[133.7585,34.3686],[133.753,34.3982],[133.7838,34.3815]]],[[[134.0483,34.4027],[134.0542,34.3907],[134.0395,34.3782],[134.0483,34.4027]]],[[[133.667,34.3819],[133.6532,34.4094],[133.6755,34.4075],[133.667,34.3819]]],[[[126.8663,34.3907],[126.8631,34.4095],[126.9229,34.3939],[126.9456,34.4116],[126.9409,34.3742],[126.907,34.3553],[126.8663,34.3907]]],[[[127.2656,34.3922],[127.2523,34.3839],[127.2395,34.4137],[127.2656,34.3922]]],[[[133.7631,34.419],[133.7585,34.4306],[133.7772,34.4231],[133.7631,34.419]]],[[[134.0617,34.4341],[134.0663,34.4253],[134.0554,34.4163],[134.0617,34.4341]]],[[[125.2953,34.4474],[125.2829,34.4343],[125.2904,34.4515],[125.2953,34.4474]]],[[[126.4143,34.4564],[126.4172,34.4499],[126.4138,34.4528],[126.4143,34.4564]]],[[[127.042,34.4199],[127.0255,34.4521],[127.0558,34.4562],[127.0703,34.413],[127.042,34.4199]]],[[[127.8045,34.4549],[127.8027,34.4085],[127.7866,34.4315],[127.8045,34.4549]]],[[[126.4082,34.4612],[126.4121,34.4679],[126.4149,34.4581],[126.4082,34.4612]]],[[[139.2925,34.4759],[139.2972,34.4744],[139.2916,34.4698],[139.2925,34.4759]]],[[[134.0013,34.4556],[133.9793,34.4472],[133.9673,34.4777],[134.0013,34.4556]]],[[[126.0333,34.4818],[126.0484,34.4971],[126.0677,34.4821],[126.0388,34.4606],[126.0333,34.4818]]],[[[127.8041,34.4936],[127.8229,34.4799],[127.7973,34.4752],[127.8041,34.4936]]],[[[134.0087,34.5],[134.023,34.5019],[134.0191,34.4773],[134.0087,34.5]]],[[[131.413,34.5151],[131.4185,34.5],[131.4065,34.491],[131.413,34.5151]]],[[[131.2935,34.5097],[131.2769,34.4991],[131.276,34.5215],[131.2935,34.5097]]],[[[127.1261,34.506],[127.1021,34.5168],[127.1341,34.5221],[127.1261,34.506]]],[[[139.2794,34.534],[139.2768,34.5128],[139.2643,34.5259],[139.2794,34.534]]],[[[127.4638,34.4814],[127.4359,34.5172],[127.4507,34.5404],[127.5051,34.4934],[127.4638,34.4814]]],[[[136.9836,34.5505],[136.9798,34.538],[136.9755,34.5441],[136.9836,34.5505]]],[[[127.4045,34.5701],[127.3958,34.5632],[127.4094,34.5801],[127.4045,34.5701]]],[[[127.686,34.5765],[127.6711,34.556],[127.6371,34.5679],[127.686,34.5765]]],[[[127.1041,34.5979],[127.0944,34.6104],[127.1076,34.6046],[127.1041,34.5979]]],[[[127.5654,34.6114],[127.5496,34.5944],[127.5221,34.6104],[127.5654,34.6114]]],[[[125.8576,34.6215],[125.8206,34.5961],[125.8018,34.6214],[125.8576,34.6215]]],[[[125.9709,34.6348],[125.9768,34.6187],[125.9457,34.6364],[125.9709,34.6348]]],[[[128.5786,34.6492],[128.5842,34.6392],[128.5615,34.6324],[128.5786,34.6492]]],[[[125.4588,34.6494],[125.4816,34.656],[125.4654,34.6374],[125.4588,34.6494]]],[[[128.3478,34.6529],[128.3804,34.6391],[128.349,34.6375],[128.3478,34.6529]]],[[[134.479,34.6492],[134.4586,34.6448],[134.4896,34.6706],[134.4995,34.6472],[134.479,34.6492]]],[[[126.1873,34.6406],[126.1276,34.6133],[126.1159,34.6494],[126.154,34.6723],[126.1873,34.6406]]],[[[134.5764,34.6511],[134.5741,34.6756],[134.5892,34.6612],[134.5764,34.6511]]],[[[128.2297,34.6707],[128.2218,34.6803],[128.2565,34.6756],[128.2297,34.6707]]],[[[125.3761,34.6732],[125.3708,34.6666],[125.3621,34.6764],[125.3761,34.6732]]],[[[137.0102,34.6817],[137.002,34.6683],[136.998,34.6758],[137.0102,34.6817]]],[[[134.5133,34.6708],[134.5444,34.6809],[134.5421,34.6589],[134.5133,34.6708]]],[[[128.1955,34.7071],[128.1968,34.6859],[128.1679,34.7024],[128.1955,34.7071]]],[[[126.0977,34.7084],[126.1078,34.7134],[126.1026,34.6965],[126.0977,34.7084]]],[[[125.2076,34.6876],[125.1792,34.6697],[125.2138,34.7152],[125.2076,34.6876]]],[[[127.731,34.7185],[127.7327,34.6997],[127.7165,34.7127],[127.731,34.7185]]],[[[128.4966,34.745],[128.51,34.7317],[128.4696,34.7405],[128.4966,34.745]]],[[[128.2967,34.7456],[128.2933,34.7618],[128.3078,34.7523],[128.2967,34.7456]]],[[[128.536,34.7575],[128.5576,34.7494],[128.5086,34.7612],[128.536,34.7575]]],[[[119.4518,34.7634],[119.445,34.7782],[119.4945,34.7608],[119.4518,34.7634]]],[[[126.3228,34.7747],[126.315,34.7601],[126.3059,34.7795],[126.3228,34.7747]]],[[[131.1361,34.762],[131.1281,34.7843],[131.1477,34.7896],[131.1605,34.7685],[131.1361,34.762]]],[[[127.4451,34.779],[127.4474,34.7953],[127.4671,34.8006],[127.4451,34.779]]],[[[128.4714,34.7694],[128.4766,34.8165],[128.5085,34.7714],[128.4714,34.7694]]],[[[128.1264,34.8373],[128.1401,34.8348],[128.1419,34.8248],[128.1264,34.8373]]],[[[128.1972,34.8333],[128.1737,34.8544],[128.2267,34.8491],[128.1972,34.8333]]],[[[127.7044,34.8714],[127.7101,34.8965],[127.7449,34.8918],[127.7044,34.8714]]],[[[126.2739,34.9524],[126.2621,34.9678],[126.2963,34.9326],[126.2739,34.9524]]],[[[128.5137,34.9444],[128.5332,34.9725],[128.5188,34.922],[128.5137,34.9444]]],[[[126.2172,34.9855],[126.2117,34.9532],[126.1995,34.9696],[126.2172,34.9855]]],[[[126.2447,34.9756],[126.2538,35.0055],[126.2704,34.977],[126.2447,34.9756]]],[[[128.651,35.0196],[128.6459,34.9803],[128.6146,34.9743],[128.651,35.0196]]],[[[126.1706,34.9997],[126.1776,34.9781],[126.1295,34.947],[126.1518,34.9968],[126.0972,35.0025],[126.134,35.0246],[126.1706,34.9997]]],[[[139.1715,35.0366],[139.1628,35.0409],[139.1694,35.0436],[139.1715,35.0366]]],[[[128.5618,35.0522],[128.5425,35.0683],[128.5548,35.0696],[128.5618,35.0522]]],[[[129.0653,35.0972],[129.0888,35.0502],[129.0466,35.0794],[129.0653,35.0972]]],[[[126.022,35.0789],[126.0094,35.0888],[126.015,35.0994],[126.022,35.0789]]],[[[126.1377,35.2729],[126.1379,35.2975],[126.1541,35.2764],[126.1377,35.2729]]],[[[126.0125,35.3525],[126.0391,35.3428],[126.0137,35.3319],[126.0125,35.3525]]],[[[120.1709,35.7433],[120.1533,35.7537],[120.1715,35.7844],[120.1709,35.7433]]],[[[126.6258,35.7791],[126.6348,35.8007],[126.6415,35.7918],[126.6258,35.7791]]],[[[126.4707,35.824],[126.4858,35.816],[126.4521,35.8065],[126.4424,35.832],[126.4707,35.824]]],[[[126.3705,35.8445],[126.3604,35.8477],[126.3788,35.8541],[126.3705,35.8445]]],[[[125.9889,36.1177],[125.9799,36.1074],[125.9701,36.1191],[125.9889,36.1177]]],[[[126.0737,36.2335],[126.0949,36.2249],[126.0647,36.2208],[126.0737,36.2335]]],[[[126.3484,36.331],[126.3532,36.3559],[126.3677,36.3366],[126.3484,36.331]]],[[[126.4582,36.358],[126.383,36.3751],[126.4281,36.385],[126.4582,36.358]]],[[[126.0698,36.673],[126.0479,36.6717],[126.0836,36.6906],[126.0698,36.673]]],[[[125.9876,37.0248],[125.9787,37.0405],[126.0139,37.0285],[125.9876,37.0248]]],[[[126.4212,37.0509],[126.4212,37.0623],[126.448,37.0493],[126.4212,37.0509]]],[[[125.9452,37.0689],[125.9476,37.0947],[125.9649,37.0891],[125.9452,37.0689]]],[[[126.0728,37.0937],[126.0597,37.0959],[126.0851,37.1068],[126.0728,37.0937]]],[[[126.3814,37.1149],[126.3929,37.0978],[126.3812,37.1039],[126.3814,37.1149]]],[[[126.2589,37.1669],[126.245,37.1778],[126.2807,37.157],[126.2589,37.1669]]],[[[126.1091,37.181],[126.1095,37.1651],[126.0877,37.1807],[126.1091,37.181]]],[[[126.6471,37.2117],[126.6307,37.2172],[126.6336,37.233],[126.6471,37.2117]]],[[[126.3374,37.2605],[126.322,37.2447],[126.2807,37.2632],[126.3374,37.2605]]],[[[126.4385,37.3782],[126.4124,37.3675],[126.4032,37.4071],[126.4385,37.3782]]],[[[122.1768,37.4978],[122.1803,37.513],[122.2075,37.4964],[122.1768,37.4978]]],[[[126.4676,37.5386],[126.4651,37.5111],[126.432,37.5222],[126.4676,37.5386]]],[[[126.3377,37.5273],[126.3125,37.5562],[126.3823,37.5321],[126.3377,37.5273]]],[[[125.7131,37.6034],[125.7058,37.6017],[125.7186,37.6138],[125.7131,37.6034]]],[[[126.2555,37.6266],[126.227,37.6512],[126.2528,37.6532],[126.2555,37.6266]]],[[[126.1719,37.6675],[126.1579,37.674],[126.1948,37.6839],[126.2065,37.6614],[126.1719,37.6675]]],[[[126.1348,37.6815],[126.1232,37.6889],[126.142,37.687],[126.1348,37.6815]]],[[[126.2343,37.7166],[126.2184,37.7206],[126.2431,37.717],[126.2343,37.7166]]],[[[125.6496,37.7379],[125.6504,37.7337],[125.6467,37.7353],[125.6496,37.7379]]],[[[125.2246,37.7497],[125.2399,37.7547],[125.2381,37.7408],[125.2246,37.7497]]],[[[124.7564,37.7778],[124.7706,37.7748],[124.7298,37.7586],[124.7564,37.7778]]],[[[125.9179,37.7764],[125.8883,37.7679],[125.9213,37.7841],[125.9179,37.7764]]],[[[125.3346,37.7902],[125.3296,37.7811],[125.36,37.8105],[125.3346,37.7902]]],[[[125.7723,37.8136],[125.77,37.7967],[125.7601,37.7985],[125.7723,37.8136]]],[[[124.9662,37.9242],[124.9583,37.9144],[124.957,37.9278],[124.9662,37.9242]]],[[[124.8238,38.0514],[124.8196,38.0587],[124.8241,38.0614],[124.8238,38.0514]]],[[[141.4981,38.2547],[141.4796,38.2507],[141.4614,38.2827],[141.4981,38.2547]]],[[[141.418,38.3118],[141.4266,38.2943],[141.4102,38.2856],[141.418,38.3118]]],[[[141.5822,38.3049],[141.5758,38.2682],[141.5466,38.299],[141.5822,38.3049]]],[[[141.1239,38.3426],[141.1222,38.3267],[141.1145,38.3355],[141.1239,38.3426]]],[[[139.252,38.4895],[139.2551,38.4665],[139.2166,38.4376],[139.252,38.4895]]],[[[124.9844,38.6227],[125.004,38.6475],[124.9854,38.6473],[124.9883,38.6736],[125.0202,38.659],[124.9844,38.6227]]],[[[141.6317,38.8487],[141.6163,38.8375],[141.6008,38.8732],[141.6263,38.8829],[141.6317,38.8487]]],[[[121.822,38.8649],[121.8338,38.8926],[121.8384,38.8706],[121.822,38.8649]]],[[[117.7137,38.9664],[117.7691,38.9439],[117.7621,38.9293],[117.8148,38.9304],[117.8109,38.9147],[117.7184,38.9214],[117.6971,38.9348],[117.7137,38.9664]]],[[[117.7205,38.9739],[117.8794,38.9466],[117.8801,38.9305],[117.7205,38.9739]]],[[[122.7113,39.0254],[122.7215,39.0492],[122.7604,39.0167],[122.7113,39.0254]]],[[[117.7734,39.0476],[117.7963,39.0499],[117.8197,38.9774],[117.7912,38.9893],[117.7734,39.0476]]],[[[139.5462,39.2028],[139.5628,39.1976],[139.5489,39.182],[139.5462,39.2028]]],[[[127.5369,39.22],[127.5155,39.225],[127.537,39.2242],[127.5369,39.22]]],[[[122.498,39.2193],[122.488,39.2331],[122.5444,39.2303],[122.498,39.2193]]],[[[127.6188,39.2218],[127.6229,39.2382],[127.6393,39.2357],[127.6188,39.2218]]],[[[124.7168,39.4081],[124.7201,39.4171],[124.7329,39.4181],[124.7168,39.4081]]],[[[123.0606,39.4322],[123.0557,39.4548],[123.0935,39.4429],[123.0606,39.4322]]],[[[124.7692,39.452],[124.7691,39.4655],[124.792,39.4591],[124.7692,39.452]]],[[[124.6213,39.4687],[124.6234,39.473],[124.6305,39.4634],[124.6213,39.4687]]],[[[124.6251,39.499],[124.6314,39.4897],[124.6219,39.4855],[124.6251,39.499]]],[[[125.1146,39.5091],[125.1117,39.5034],[125.1097,39.5093],[125.1146,39.5091]]],[[[124.8097,39.5141],[124.8015,39.5189],[124.8127,39.5133],[124.8097,39.5141]]],[[[125.2107,39.5171],[125.1952,39.5312],[125.2176,39.5252],[125.2107,39.5171]]],[[[125.1445,39.5208],[125.1319,39.5299],[125.1634,39.5408],[125.1445,39.5208]]],[[[125.1522,39.5432],[125.1376,39.5556],[125.1605,39.5556],[125.1522,39.5432]]],[[[124.7415,39.5582],[124.7341,39.5445],[124.7366,39.5587],[124.7415,39.5582]]],[[[124.7593,39.6261],[124.7634,39.6192],[124.7547,39.6149],[124.7593,39.6261]]],[[[124.9097,39.6223],[124.8989,39.6286],[124.9054,39.6323],[124.9097,39.6223]]],[[[124.7681,39.6398],[124.7647,39.6311],[124.758,39.6327],[124.7681,39.6398]]],[[[124.8423,39.6438],[124.8387,39.6379],[124.8252,39.6449],[124.8423,39.6438]]],[[[124.457,39.6828],[124.4479,39.6864],[124.4538,39.6876],[124.457,39.6828]]],[[[124.5267,39.7202],[124.5217,39.7115],[124.5488,39.7301],[124.5267,39.7202]]],[[[124.3412,39.8852],[124.345,39.863],[124.3346,39.8658],[124.3412,39.8852]]],[[[124.3353,39.8886],[124.3207,39.9007],[124.3403,39.8928],[124.3353,39.8886]]],[[[124.292,39.9195],[124.3044,39.9326],[124.3055,39.9286],[124.292,39.9195]]],[[[124.3589,39.9621],[124.3609,39.949],[124.3449,39.9394],[124.3589,39.9621]]],[[[128.196,39.9864],[128.1632,39.9929],[128.2291,40.0115],[128.196,39.9864]]],[[[120.791,40.4748],[120.7743,40.4854],[120.7918,40.507],[120.8211,40.5113],[120.8259,40.4923],[120.791,40.4748]]],[[[139.8029,41.3664],[139.8137,41.3585],[139.7993,41.3521],[139.8029,41.3664]]],[[[130.2664,42.1603],[130.2739,42.1774],[130.2878,42.1569],[130.2664,42.1603]]],[[[130.9137,42.4564],[130.91,42.4718],[130.9312,42.4757],[130.9137,42.4564]]],[[[131.4618,42.6372],[131.4203,42.6434],[131.464,42.6726],[131.4618,42.6372]]],[[[132.3377,42.7506],[132.3114,42.7595],[132.3556,42.7722],[132.3661,42.732],[132.3451,42.7274],[132.3377,42.7506]]],[[[131.6593,42.8647],[131.6395,42.8654],[131.6753,42.8916],[131.6593,42.8647]]],[[[131.7443,42.9221],[131.7148,42.9016],[131.7184,42.9243],[131.7443,42.9221]]],[[[131.7163,42.9597],[131.7272,42.9953],[131.7564,42.9593],[131.7267,42.9322],[131.7163,42.9597]]],[[[141.3278,44.4446],[141.3235,44.4176],[141.294,44.413],[141.3278,44.4446]]],[[[141.4099,44.4442],[141.4291,44.4388],[141.3975,44.4293],[141.4099,44.4442]]],[[[141.2225,46.2849],[141.2406,46.2596],[141.2245,46.2126],[141.1968,46.2436],[141.1991,46.2825],[141.2225,46.2849]]],[[[131.861,37.244],[131.8617,37.2416],[131.8601,37.2424],[131.861,37.244]]]]}},{"type":"Feature","properties":{},"geometry":{"type":"MultiPolygon","coordinates":[[[[134.6898,33.8281],[134.7512,33.8349],[134.5794,33.7642],[134.5707,33.7364],[134.404,33.6545],[134.353,33.5816],[134.3123,33.5725],[134.3137,33.5431],[134.2446,33.4608],[134.1765,33.2361],[134.1418,33.2918],[134.1062,33.2943],[134.0255,33.4154],[133.9688,33.4357],[133.9252,33.4937],[133.7394,33.5375],[133.6077,33.5158],[133.4659,33.4543],[133.4397,33.4017],[133.365,33.3876],[133.3231,33.3513],[133.3123,33.3756],[133.2922,33.3647],[133.2546,33.3262],[133.2708,33.2595],[133.2153,33.1875],[133.2254,33.1591],[133.1901,33.1633],[133.165,33.1372],[133.0978,33.0235],[133.0528,33.0395],[133.0017,32.987],[133.0025,32.8693],[132.9551,32.8526],[132.9555,32.8146],[133.0276,32.7397],[133.0022,32.7117],[132.915,32.778],[132.7915,32.7407],[132.7114,32.7895],[132.6277,32.7521],[132.6234,32.7995],[132.7092,32.9094],[132.6184,32.9069],[132.5589,32.9368],[132.572,32.9231],[132.5242,32.9302],[132.5379,32.8958],[132.5042,32.8917],[132.4723,32.9337],[132.5015,32.9932],[132.4715,33.0407],[132.4197,33.0519],[132.3824,33.0198],[132.4079,33.0693],[132.4518,33.0529],[132.4832,33.0677],[132.4627,33.0677],[132.4491,33.1149],[132.4901,33.1328],[132.4407,33.1423],[132.438,33.1682],[132.4586,33.1737],[132.3947,33.2039],[132.4597,33.204],[132.4857,33.1692],[132.5484,33.2269],[132.5245,33.25],[132.5414,33.2626],[132.4846,33.2765],[132.5256,33.3147],[132.3787,33.3195],[132.4155,33.3415],[132.4212,33.3756],[132.4024,33.3626],[132.3911,33.3979],[132.4212,33.4445],[132.3078,33.4643],[132.1307,33.3636],[132.1016,33.3701],[132.1103,33.3867],[132.0105,33.349],[132.0943,33.4085],[132.1666,33.4202],[132.1713,33.4456],[132.2646,33.4641],[132.4124,33.535],[132.5006,33.625],[132.6766,33.7156],[132.7124,33.9045],[132.7549,33.9103],[132.7699,33.9963],[132.9191,34.0684],[132.9262,34.1117],[132.8975,34.1227],[132.9424,34.1413],[133.0318,34.0527],[133.0773,33.9597],[133.127,33.9333],[133.3226,33.9906],[133.511,33.9652],[133.6413,34.0792],[133.6411,34.1846],[133.5584,34.2595],[133.7014,34.2313],[133.937,34.3751],[134.0813,34.3477],[134.1436,34.3918],[134.1663,34.3249],[134.2168,34.355],[134.2713,34.3231],[134.2578,34.2942],[134.3435,34.2506],[134.3967,34.2495],[134.4398,34.2083],[134.5609,34.2214],[134.6071,34.2508],[134.594,34.2138],[134.6103,34.216],[134.6469,34.2393],[134.6078,34.1843],[134.6421,34.1793],[134.5946,34.0298],[134.605,34.001],[134.637,34.0107],[134.696,33.9519],[134.7029,33.9062],[134.6463,33.8531],[134.7171,33.848],[134.6898,33.8281]]]]}}]}
